id,DeviceName,Time,Voltage,Current,Power,Temperature,Consumed,Capacity
2219319,Cabin BVM,2023-07-18 06:51:40,26.57,-2.134,-57,28,-63.465,89.45
2219318,Cabin BVM,2023-07-18 06:51:30,26.572,-2.089,-56,28,-63.459,89.45
2219317,Cabin BVM,2023-07-18 06:51:20,26.573,-1.979,-53,28,-63.454,89.45
2219316,Cabin BVM,2023-07-18 06:51:10,26.571,-1.775,-47,28,-63.448,89.4
2219315,Cabin BVM,2023-07-18 06:51:00,26.571,-1.885,-50,28,-63.443,89.4
2219314,Cabin BVM,2023-07-18 06:50:50,26.572,-1.904,-51,28,-63.438,89.4
2219313,Cabin BVM,2023-07-18 06:50:40,26.572,-2.099,-56,28,-63.432,89.4
2219312,Cabin BVM,2023-07-18 06:50:30,26.57,-2.065,-55,28,-63.427,89.4
2219311,Cabin BVM,2023-07-18 06:50:20,26.57,-1.993,-53,28,-63.421,89.4
2219310,Cabin BVM,2023-07-18 06:50:10,26.568,-2.22,-59,28,-63.416,89.4
2219309,Cabin BVM,2023-07-18 06:50:00,26.571,-2.064,-55,28,-63.41,89.4
2219308,Cabin BVM,2023-07-18 06:49:50,26.572,-1.891,-50,28,-63.404,89.4
2219307,Cabin BVM,2023-07-18 06:49:40,26.569,-2.298,-61,28,-63.399,89.4
2219306,Cabin BVM,2023-07-18 06:49:30,26.568,-2.44,-65,28,-63.392,89.4
2219305,Cabin BVM,2023-07-18 06:49:20,26.569,-1.971,-52,28,-63.387,89.4
2219304,Cabin BVM,2023-07-18 06:49:10,26.567,-2.153,-57,28,-63.381,89.4
2219303,Cabin BVM,2023-07-18 06:49:00,26.568,-2.011,-53,28,-63.375,89.4
2219302,Cabin BVM,2023-07-18 06:48:50,26.566,-2.422,-64,28,-63.369,89.4
2219301,Cabin BVM,2023-07-18 06:48:40,26.566,-2.307,-61,28,-63.363,89.4
2219300,Cabin BVM,2023-07-18 06:48:30,26.566,-2.498,-66,28,-63.357,89.4
2219299,Cabin BVM,2023-07-18 06:48:20,26.57,-1.806,-48,28,-63.351,89.4
2219298,Cabin BVM,2023-07-18 06:48:10,26.567,-2.137,-57,28,-63.345,89.4
2219297,Cabin BVM,2023-07-18 06:48:00,26.567,-2.36,-63,28,-63.339,89.4
2219296,Cabin BVM,2023-07-18 06:47:50,26.565,-2.302,-61,28,-63.332,89.4
2219295,Cabin BVM,2023-07-18 06:47:40,26.568,-2.256,-60,28,-63.326,89.4
2219294,Cabin BVM,2023-07-18 06:47:30,26.565,-2.326,-62,28,-63.32,89.4
2219293,Cabin BVM,2023-07-18 06:47:20,26.567,-2.101,-56,28,-63.314,89.4
2219292,Cabin BVM,2023-07-18 06:47:10,26.565,-2.175,-58,28,-63.308,89.4
2219291,Cabin BVM,2023-07-18 06:47:00,26.566,-2.263,-60,28,-63.302,89.4
2219290,Cabin BVM,2023-07-18 06:46:50,26.564,-2.362,-63,28,-63.296,89.5
2219289,Cabin BVM,2023-07-18 06:46:40,26.565,-2.289,-61,28,-63.29,89.5
2219288,Cabin BVM,2023-07-18 06:46:30,26.567,-2.138,-57,28,-63.284,89.5
2219287,Cabin BVM,2023-07-18 06:46:20,26.567,-2.139,-57,28,-63.278,89.5
2219286,Cabin BVM,2023-07-18 06:46:10,26.566,-2.44,-65,28,-63.271,89.5
2219285,Cabin BVM,2023-07-18 06:46:00,26.564,-2.521,-67,28,-63.265,89.5
2219284,Cabin BVM,2023-07-18 06:45:50,26.564,-2.465,-65,28,-63.258,89.5
2219283,Cabin BVM,2023-07-18 06:45:40,26.565,-2.023,-54,28,-63.251,89.5
2219282,Cabin BVM,2023-07-18 06:45:30,26.566,-2.153,-57,28,-63.245,89.5
2219281,Cabin BVM,2023-07-18 06:45:20,26.565,-2.202,-58,28,-63.239,89.5
2219280,Cabin BVM,2023-07-18 06:45:10,26.564,-2.47,-66,28,-63.232,89.5
2219279,Cabin BVM,2023-07-18 06:45:00,26.564,-2.456,-65,28,-63.225,89.5
2219278,Cabin BVM,2023-07-18 06:44:50,26.564,-2.239,-59,28,-63.219,89.5
2219277,Cabin BVM,2023-07-18 06:44:40,26.563,-2.578,-68,28,-63.212,89.5
2219276,Cabin BVM,2023-07-18 06:44:30,26.565,-2.414,-64,28,-63.205,89.5
2219275,Cabin BVM,2023-07-18 06:44:20,26.566,-2.26,-60,28,-63.199,89.5
2219274,Cabin BVM,2023-07-18 06:44:10,26.563,-2.605,-69,28,-63.192,89.5
2219273,Cabin BVM,2023-07-18 06:44:00,26.562,-2.518,-67,28,-63.185,89.5
2219272,Cabin BVM,2023-07-18 06:43:50,26.565,-2.3,-61,28,-63.178,89.5
2219271,Cabin BVM,2023-07-18 06:43:40,26.561,-2.591,-69,28,-63.172,89.5
2219270,Cabin BVM,2023-07-18 06:43:30,26.561,-2.612,-69,28,-63.165,89.5
2219269,Cabin BVM,2023-07-18 06:43:20,26.562,-2.601,-69,28,-63.158,89.5
2219268,Cabin BVM,2023-07-18 06:43:10,26.564,-2.295,-61,28,-63.151,89.5
2219267,Cabin BVM,2023-07-18 06:43:00,26.565,-2.288,-61,28,-63.145,89.5
2219266,Cabin BVM,2023-07-18 06:42:50,26.565,-2.266,-60,28,-63.138,89.5
2219265,Cabin BVM,2023-07-18 06:42:40,26.563,-2.594,-69,28,-63.132,89.5
2219264,Cabin BVM,2023-07-18 06:42:30,26.562,-2.63,-70,28,-63.124,89.5
2219263,Cabin BVM,2023-07-18 06:42:20,26.562,-2.31,-61,28,-63.118,89.5
2219262,Cabin BVM,2023-07-18 06:42:10,26.56,-2.723,-72,28,-63.111,89.5
2219261,Cabin BVM,2023-07-18 06:42:00,26.56,-2.714,-72,28,-63.103,89.5
2219260,Cabin BVM,2023-07-18 06:41:50,26.56,-2.48,-66,28,-63.096,89.5
2219259,Cabin BVM,2023-07-18 06:41:40,26.564,-2.245,-60,28,-63.089,89.5
2219258,Cabin BVM,2023-07-18 06:41:30,26.561,-2.322,-62,28,-63.083,89.5
2219257,Cabin BVM,2023-07-18 06:41:20,26.564,-2.315,-61,28,-63.076,89.5
2219256,Cabin BVM,2023-07-18 06:41:10,26.561,-2.408,-64,28,-63.07,89.5
2219255,Cabin BVM,2023-07-18 06:41:00,26.561,-2.43,-65,28,-63.063,89.5
2219254,Cabin BVM,2023-07-18 06:40:50,26.562,-2.454,-65,28,-63.056,89.5
2219253,Cabin BVM,2023-07-18 06:40:40,26.562,-2.375,-63,28,-63.049,89.5
2219252,Cabin BVM,2023-07-18 06:40:30,26.561,-2.407,-64,28,-63.043,89.5
2219251,Cabin BVM,2023-07-18 06:40:20,26.56,-2.677,-71,28,-63.035,89.5
2219250,Cabin BVM,2023-07-18 06:40:10,26.562,-2.585,-69,28,-63.028,89.5
2219249,Cabin BVM,2023-07-18 06:40:00,26.561,-2.563,-68,28,-63.021,89.5
2219248,Cabin BVM,2023-07-18 06:39:50,26.562,-2.461,-65,28,-63.014,89.5
2219247,Cabin BVM,2023-07-18 06:39:40,26.558,-2.764,-73,28,-63.007,89.5
2219246,Cabin BVM,2023-07-18 06:39:30,26.561,-2.571,-68,28,-63,89.5
2219245,Cabin BVM,2023-07-18 06:39:20,26.562,-2.446,-65,28,-62.993,89.5
2219244,Cabin BVM,2023-07-18 06:39:10,26.56,-2.569,-68,28,-62.986,89.5
2219243,Cabin BVM,2023-07-18 06:39:00,26.559,-2.444,-65,28,-62.979,89.5
2219242,Cabin BVM,2023-07-18 06:38:50,26.559,-2.775,-74,28,-62.972,89.5
2219241,Cabin BVM,2023-07-18 06:38:40,26.557,-2.807,-75,28,-62.964,89.5
2219240,Cabin BVM,2023-07-18 06:38:30,26.558,-2.844,-76,28,-62.956,89.5
2219239,Cabin BVM,2023-07-18 06:38:20,26.558,-2.49,-66,28,-62.949,89.5
2219238,Cabin BVM,2023-07-18 06:38:10,26.558,-2.492,-66,28,-62.943,89.5
2219237,Cabin BVM,2023-07-18 06:38:00,26.558,-2.485,-66,28,-62.935,89.5
2219236,Cabin BVM,2023-07-18 06:37:50,26.559,-2.502,-66,28,-62.928,89.5
2219235,Cabin BVM,2023-07-18 06:37:40,26.558,-2.688,-71,28,-62.921,89.5
2219234,Cabin BVM,2023-07-18 06:37:30,26.555,-2.756,-73,28,-62.914,89.5
2219233,Cabin BVM,2023-07-18 06:37:20,26.558,-2.681,-71,28,-62.907,89.5
2219232,Cabin BVM,2023-07-18 06:37:10,26.556,-2.755,-73,28,-62.899,89.5
2219231,Cabin BVM,2023-07-18 06:37:00,26.558,-2.667,-71,28,-62.892,89.5
2219230,Cabin BVM,2023-07-18 06:36:50,26.557,-2.634,-70,28,-62.884,89.5
2219229,Cabin BVM,2023-07-18 06:36:40,26.559,-2.597,-69,28,-62.877,89.5
2219228,Cabin BVM,2023-07-18 06:36:30,26.558,-2.576,-68,28,-62.87,89.5
2219227,Cabin BVM,2023-07-18 06:36:20,26.557,-2.472,-66,28,-62.863,89.5
2219226,Cabin BVM,2023-07-18 06:36:10,26.555,-2.842,-75,28,-62.855,89.5
2219225,Cabin BVM,2023-07-18 06:36:00,26.554,-2.787,-74,28,-62.848,89.5
2219224,Cabin BVM,2023-07-18 06:35:50,26.555,-2.869,-76,28,-62.84,89.5
2219223,Cabin BVM,2023-07-18 06:35:40,26.554,-2.792,-74,28,-62.832,89.5
2219222,Cabin BVM,2023-07-18 06:35:30,26.554,-2.748,-73,28,-62.824,89.5
2219221,Cabin BVM,2023-07-18 06:35:20,26.554,-2.656,-71,28,-62.817,89.5
2219220,Cabin BVM,2023-07-18 06:35:10,26.553,-2.713,-72,28,-62.809,89.5
2219219,Cabin BVM,2023-07-18 06:35:00,26.555,-2.803,-74,28,-62.801,89.5
2219218,Cabin BVM,2023-07-18 06:34:50,26.554,-2.563,-68,28,-62.794,89.5
2219217,Cabin BVM,2023-07-18 06:34:40,26.554,-2.549,-68,28,-62.787,89.5
2219216,Cabin BVM,2023-07-18 06:34:30,26.553,-2.549,-68,28,-62.78,89.5
2219215,Cabin BVM,2023-07-18 06:34:20,26.553,-2.649,-70,28,-62.773,89.5
2219214,Cabin BVM,2023-07-18 06:34:10,26.552,-2.83,-75,28,-62.765,89.5
2219213,Cabin BVM,2023-07-18 06:34:00,26.55,-2.867,-76,28,-62.757,89.5
2219212,Cabin BVM,2023-07-18 06:33:50,26.552,-2.849,-76,28,-62.75,89.5
2219211,Cabin BVM,2023-07-18 06:33:40,26.551,-2.653,-70,28,-62.742,89.5
2219210,Cabin BVM,2023-07-18 06:33:30,26.552,-2.724,-72,28,-62.734,89.5
2219209,Cabin BVM,2023-07-18 06:33:20,26.549,-2.751,-73,28,-62.727,89.5
2219208,Cabin BVM,2023-07-18 06:33:10,26.55,-2.779,-74,28,-62.719,89.5
2219207,Cabin BVM,2023-07-18 06:33:00,26.548,-2.932,-78,28,-62.711,89.5
2219206,Cabin BVM,2023-07-18 06:32:50,26.548,-3.091,-82,28,-62.703,89.5
2219205,Cabin BVM,2023-07-18 06:32:40,26.551,-2.739,-73,28,-62.695,89.6
2219204,Cabin BVM,2023-07-18 06:32:30,26.55,-2.81,-75,28,-62.687,89.6
2219203,Cabin BVM,2023-07-18 06:32:20,26.55,-2.645,-70,28,-62.68,89.6
2219202,Cabin BVM,2023-07-18 06:32:10,26.552,-2.758,-73,28,-62.673,89.6
2219201,Cabin BVM,2023-07-18 06:32:00,26.55,-2.73,-72,28,-62.665,89.6
2219200,Cabin BVM,2023-07-18 06:31:50,26.55,-2.922,-78,28,-62.657,89.6
2219199,Cabin BVM,2023-07-18 06:31:40,26.548,-2.824,-75,28,-62.649,89.6
2219198,Cabin BVM,2023-07-18 06:31:30,26.549,-2.735,-73,28,-62.641,89.6
2219197,Cabin BVM,2023-07-18 06:31:20,26.546,-3.04,-81,28,-62.633,89.6
2219196,Cabin BVM,2023-07-18 06:31:10,26.545,-2.958,-79,28,-62.624,89.6
2219195,Cabin BVM,2023-07-18 06:31:00,26.546,-2.901,-77,28,-62.616,89.6
2219194,Cabin BVM,2023-07-18 06:30:50,26.546,-3.015,-80,28,-62.607,89.6
2219193,Cabin BVM,2023-07-18 06:30:40,26.544,-3.119,-83,28,-62.599,89.6
2219192,Cabin BVM,2023-07-18 06:30:30,26.544,-3.185,-85,28,-62.59,89.6
2219191,Cabin BVM,2023-07-18 06:30:20,26.544,-3.124,-83,28,-62.582,89.6
2219190,Cabin BVM,2023-07-18 06:30:10,26.546,-2.95,-78,28,-62.573,89.6
2219189,Cabin BVM,2023-07-18 06:30:00,26.545,-3.068,-81,28,-62.565,89.6
2219188,Cabin BVM,2023-07-18 06:29:50,26.545,-2.958,-79,28,-62.556,89.6
2219187,Cabin BVM,2023-07-18 06:29:40,26.543,-3.006,-80,28,-62.548,89.6
2219186,Cabin BVM,2023-07-18 06:29:30,26.543,-2.999,-80,28,-62.54,89.6
2219185,Cabin BVM,2023-07-18 06:29:20,26.544,-2.971,-79,28,-62.531,89.6
2219184,Cabin BVM,2023-07-18 06:29:10,26.544,-2.933,-78,28,-62.523,89.6
2219183,Cabin BVM,2023-07-18 06:29:00,26.541,-3.026,-80,28,-62.515,89.6
2219182,Cabin BVM,2023-07-18 06:28:50,26.539,-3.243,-86,28,-62.506,89.6
2219181,Cabin BVM,2023-07-18 06:28:40,26.54,-3.327,-88,28,-62.497,89.6
2219180,Cabin BVM,2023-07-18 06:28:30,26.54,-3.161,-84,28,-62.488,89.6
2219179,Cabin BVM,2023-07-18 06:28:20,26.539,-3.048,-81,28,-62.48,89.6
2219178,Cabin BVM,2023-07-18 06:28:10,26.539,-2.797,-74,28,-62.471,89.6
2219177,Cabin BVM,2023-07-18 06:28:00,26.539,-2.802,-74,28,-62.463,89.6
2219176,Cabin BVM,2023-07-18 06:27:50,26.535,-3.048,-81,28,-62.455,89.6
2219175,Cabin BVM,2023-07-18 06:27:40,26.534,-3.041,-81,28,-62.447,89.6
2219174,Cabin BVM,2023-07-18 06:27:30,26.518,-6.098,-162,28,-62.436,89.6
2219173,Cabin BVM,2023-07-18 06:27:20,26.518,-5.984,-159,28,-62.419,89.6
2219172,Cabin BVM,2023-07-18 06:27:10,26.517,-6.198,-164,28,-62.403,89.6
2219171,Cabin BVM,2023-07-18 06:27:00,26.516,-6.199,-164,28,-62.386,89.6
2219170,Cabin BVM,2023-07-18 06:26:50,26.518,-6.109,-162,28,-62.369,89.6
2219169,Cabin BVM,2023-07-18 06:26:40,26.518,-5.938,-157,28,-62.352,89.6
2219168,Cabin BVM,2023-07-18 06:26:30,26.518,-6.028,-160,28,-62.335,89.6
2219167,Cabin BVM,2023-07-18 06:26:20,26.515,-6.55,-174,28,-62.317,89.6
2219166,Cabin BVM,2023-07-18 06:26:10,26.518,-5.953,-158,28,-62.299,89.6
2219165,Cabin BVM,2023-07-18 06:26:00,26.515,-6.19,-164,28,-62.283,89.6
2219164,Cabin BVM,2023-07-18 06:25:50,26.518,-6.088,-161,28,-62.265,89.6
2219163,Cabin BVM,2023-07-18 06:25:40,26.52,-6.079,-161,28,-62.248,89.6
2219162,Cabin BVM,2023-07-18 06:25:30,26.519,-5.997,-159,28,-62.232,89.6
2219161,Cabin BVM,2023-07-18 06:25:20,26.52,-6.009,-159,28,-62.215,89.6
2219160,Cabin BVM,2023-07-18 06:25:10,26.518,-6.053,-161,28,-62.198,89.6
2219159,Cabin BVM,2023-07-18 06:25:00,26.519,-6.084,-161,28,-62.181,89.6
2219158,Cabin BVM,2023-07-18 06:24:50,26.519,-6.092,-162,28,-62.164,89.6
2219157,Cabin BVM,2023-07-18 06:24:40,26.518,-6.09,-161,28,-62.147,89.6
2219156,Cabin BVM,2023-07-18 06:24:30,26.517,-5.989,-159,28,-62.131,89.6
2219155,Cabin BVM,2023-07-18 06:24:20,26.519,-6.001,-159,28,-62.114,89.6
2219154,Cabin BVM,2023-07-18 06:24:10,26.518,-6.096,-162,28,-62.097,89.7
2219153,Cabin BVM,2023-07-18 06:24:00,26.518,-6.175,-164,28,-62.08,89.7
2219152,Cabin BVM,2023-07-18 06:23:50,26.518,-6.022,-160,28,-62.064,89.7
2219151,Cabin BVM,2023-07-18 06:23:40,26.518,-6.146,-163,28,-62.047,89.7
2219150,Cabin BVM,2023-07-18 06:23:30,26.515,-6.168,-164,28,-62.03,89.7
2219149,Cabin BVM,2023-07-18 06:23:20,26.518,-6.203,-164,28,-62.012,89.7
2219148,Cabin BVM,2023-07-18 06:23:10,26.518,-6.121,-162,28,-61.995,89.7
2219147,Cabin BVM,2023-07-18 06:23:00,26.517,-6.077,-161,28,-61.978,89.7
2219146,Cabin BVM,2023-07-18 06:22:50,26.517,-6.105,-162,28,-61.961,89.7
2219145,Cabin BVM,2023-07-18 06:22:40,26.516,-6.351,-168,28,-61.944,89.7
2219144,Cabin BVM,2023-07-18 06:22:30,26.518,-6.149,-163,28,-61.926,89.7
2219143,Cabin BVM,2023-07-18 06:22:20,26.518,-6.223,-165,28,-61.909,89.7
2219142,Cabin BVM,2023-07-18 06:22:10,26.517,-6.167,-164,28,-61.891,89.7
2219141,Cabin BVM,2023-07-18 06:22:00,26.516,-6.249,-166,28,-61.874,89.7
2219140,Cabin BVM,2023-07-18 06:21:50,26.517,-6.379,-169,28,-61.856,89.7
2219139,Cabin BVM,2023-07-18 06:21:40,26.515,-6.525,-173,28,-61.839,89.7
2219138,Cabin BVM,2023-07-18 06:21:30,26.516,-6.504,-172,28,-61.821,89.7
2219137,Cabin BVM,2023-07-18 06:21:20,26.518,-6.17,-164,28,-61.803,89.7
2219136,Cabin BVM,2023-07-18 06:21:10,26.518,-6.117,-162,28,-61.786,89.7
2219135,Cabin BVM,2023-07-18 06:21:00,26.517,-6.184,-164,28,-61.769,89.7
2219134,Cabin BVM,2023-07-18 06:20:50,26.515,-6.652,-176,28,-61.751,89.7
2219133,Cabin BVM,2023-07-18 06:20:40,26.515,-6.194,-164,28,-61.733,89.7
2219132,Cabin BVM,2023-07-18 06:20:30,26.517,-6.208,-165,28,-61.716,89.7
2219131,Cabin BVM,2023-07-18 06:20:20,26.516,-6.649,-176,28,-61.698,89.7
2219130,Cabin BVM,2023-07-18 06:20:10,26.518,-6.288,-167,28,-61.679,89.7
2219129,Cabin BVM,2023-07-18 06:20:00,26.516,-6.442,-171,28,-61.662,89.7
2219128,Cabin BVM,2023-07-18 06:19:50,26.518,-6.441,-171,28,-61.644,89.7
2219127,Cabin BVM,2023-07-18 06:19:40,26.519,-6.162,-163,28,-61.627,89.7
2219126,Cabin BVM,2023-07-18 06:19:30,26.52,-6.179,-164,28,-61.61,89.7
2219125,Cabin BVM,2023-07-18 06:19:20,26.518,-6.418,-170,28,-61.592,89.7
2219124,Cabin BVM,2023-07-18 06:19:10,26.518,-6.305,-167,28,-61.574,89.7
2219123,Cabin BVM,2023-07-18 06:19:00,26.516,-6.369,-169,28,-61.557,89.7
2219122,Cabin BVM,2023-07-18 06:18:50,26.517,-6.344,-168,28,-61.539,89.7
2219121,Cabin BVM,2023-07-18 06:18:40,26.517,-6.316,-167,28,-61.521,89.7
2219120,Cabin BVM,2023-07-18 06:18:30,26.519,-6.213,-165,28,-61.504,89.7
2219119,Cabin BVM,2023-07-18 06:18:20,26.519,-6.127,-162,28,-61.486,89.8
2219118,Cabin BVM,2023-07-18 06:18:10,26.52,-6.328,-168,28,-61.469,89.8
2219117,Cabin BVM,2023-07-18 06:18:00,26.518,-6.438,-171,28,-61.451,89.8
2219116,Cabin BVM,2023-07-18 06:17:50,26.518,-6.19,-164,28,-61.433,89.8
2219115,Cabin BVM,2023-07-18 06:17:40,26.518,-6.457,-171,28,-61.416,89.8
2219114,Cabin BVM,2023-07-18 06:17:30,26.517,-6.247,-166,28,-61.398,89.8
2219113,Cabin BVM,2023-07-18 06:17:20,26.517,-6.182,-164,28,-61.381,89.8
2219112,Cabin BVM,2023-07-18 06:17:10,26.518,-6.203,-164,28,-61.364,89.8
2219111,Cabin BVM,2023-07-18 06:17:00,26.515,-6.27,-166,28,-61.346,89.8
2219110,Cabin BVM,2023-07-18 06:16:50,26.515,-6.457,-171,28,-61.329,89.8
2219109,Cabin BVM,2023-07-18 06:16:40,26.516,-6.438,-171,28,-61.311,89.8
2219108,Cabin BVM,2023-07-18 06:16:30,26.516,-6.493,-172,28,-61.295,89.8
2219107,Cabin BVM,2023-07-18 06:16:20,26.518,-6.287,-167,28,-61.277,89.8
2219106,Cabin BVM,2023-07-18 06:16:10,26.516,-6.491,-172,28,-61.259,89.8
2219105,Cabin BVM,2023-07-18 06:16:00,26.517,-6.439,-171,28,-61.241,89.8
2219104,Cabin BVM,2023-07-18 06:15:50,26.517,-6.462,-171,28,-61.224,89.8
2219103,Cabin BVM,2023-07-18 06:15:40,26.516,-6.583,-175,28,-61.206,89.8
2219102,Cabin BVM,2023-07-18 06:15:30,26.517,-6.616,-175,28,-61.188,89.8
2219101,Cabin BVM,2023-07-18 06:15:20,26.517,-6.6,-175,28,-61.169,89.8
2219100,Cabin BVM,2023-07-18 06:15:10,26.517,-6.399,-170,28,-61.151,89.8
2219099,Cabin BVM,2023-07-18 06:15:00,26.517,-6.514,-173,28,-61.134,89.8
2219098,Cabin BVM,2023-07-18 06:14:50,26.517,-6.324,-168,28,-61.116,89.8
2219097,Cabin BVM,2023-07-18 06:14:40,26.517,-6.317,-168,28,-61.098,89.8
2219096,Cabin BVM,2023-07-18 06:14:30,26.52,-6.254,-166,28,-61.081,89.8
2219095,Cabin BVM,2023-07-18 06:14:20,26.515,-6.58,-174,28,-61.062,89.8
2219094,Cabin BVM,2023-07-18 06:14:10,26.516,-6.572,-174,28,-61.044,89.8
2219093,Cabin BVM,2023-07-18 06:14:00,26.517,-6.612,-175,28,-61.026,89.8
2219092,Cabin BVM,2023-07-18 06:13:50,26.517,-6.236,-165,28,-61.009,89.8
2219091,Cabin BVM,2023-07-18 06:13:40,26.515,-6.51,-173,28,-60.991,89.8
2219090,Cabin BVM,2023-07-18 06:13:30,26.517,-6.327,-168,28,-60.974,89.8
2219089,Cabin BVM,2023-07-18 06:13:20,26.514,-6.51,-173,28,-60.956,89.8
2219088,Cabin BVM,2023-07-18 06:13:10,26.516,-6.257,-166,28,-60.94,89.8
2219087,Cabin BVM,2023-07-18 06:13:00,26.517,-6.237,-165,28,-60.921,89.8
2219086,Cabin BVM,2023-07-18 06:12:50,26.517,-6.315,-167,28,-60.905,89.8
2219085,Cabin BVM,2023-07-18 06:12:40,26.514,-6.469,-172,28,-60.886,89.9
2219084,Cabin BVM,2023-07-18 06:12:30,26.516,-6.474,-172,28,-60.868,89.9
2219083,Cabin BVM,2023-07-18 06:12:20,26.518,-6.315,-167,28,-60.85,89.9
2219082,Cabin BVM,2023-07-18 06:12:10,26.518,-6.276,-166,28,-60.832,89.9
2219081,Cabin BVM,2023-07-18 06:12:00,26.518,-6.261,-166,28,-60.815,89.9
2219080,Cabin BVM,2023-07-18 06:11:50,26.517,-6.606,-175,28,-60.797,89.9
2219079,Cabin BVM,2023-07-18 06:11:40,26.517,-6.29,-167,28,-60.779,89.9
2219078,Cabin BVM,2023-07-18 06:11:30,26.518,-6.283,-167,28,-60.761,89.9
2219077,Cabin BVM,2023-07-18 06:11:20,26.516,-6.63,-176,28,-60.743,89.9
2219076,Cabin BVM,2023-07-18 06:11:10,26.518,-6.351,-168,28,-60.725,89.9
2219075,Cabin BVM,2023-07-18 06:11:00,26.519,-6.335,-168,28,-60.707,89.9
2219074,Cabin BVM,2023-07-18 06:10:50,26.52,-6.227,-165,28,-60.69,89.9
2219073,Cabin BVM,2023-07-18 06:10:40,26.519,-6.242,-166,28,-60.672,89.9
2219072,Cabin BVM,2023-07-18 06:10:30,26.519,-6.304,-167,28,-60.655,89.9
2219071,Cabin BVM,2023-07-18 06:10:20,26.517,-6.478,-172,28,-60.637,89.9
2219070,Cabin BVM,2023-07-18 06:10:10,26.517,-6.472,-172,28,-60.621,89.9
2219069,Cabin BVM,2023-07-18 06:10:00,26.518,-6.322,-168,28,-60.601,89.9
2219068,Cabin BVM,2023-07-18 06:09:50,26.518,-6.395,-170,28,-60.583,89.9
2219067,Cabin BVM,2023-07-18 06:09:40,26.518,-6.315,-167,28,-60.566,89.9
2219066,Cabin BVM,2023-07-18 06:09:30,26.52,-6.37,-169,28,-60.548,89.9
2219065,Cabin BVM,2023-07-18 06:09:20,26.518,-6.493,-172,28,-60.53,89.9
2219064,Cabin BVM,2023-07-18 06:09:10,26.522,-6.149,-163,28,-60.512,89.9
2219063,Cabin BVM,2023-07-18 06:09:00,26.518,-6.254,-166,28,-60.495,89.9
2219062,Cabin BVM,2023-07-18 06:08:50,26.518,-6.344,-168,28,-60.477,89.9
2219061,Cabin BVM,2023-07-18 06:08:40,26.518,-6.331,-168,28,-60.46,89.9
2219060,Cabin BVM,2023-07-18 06:08:30,26.518,-6.333,-168,28,-60.442,89.9
2219059,Cabin BVM,2023-07-18 06:08:20,26.518,-6.311,-167,28,-60.424,89.9
2219058,Cabin BVM,2023-07-18 06:08:10,26.517,-6.389,-169,28,-60.407,89.9
2219057,Cabin BVM,2023-07-18 06:08:00,26.519,-6.293,-167,28,-60.389,89.9
2219056,Cabin BVM,2023-07-18 06:07:50,26.519,-6.466,-171,28,-60.371,89.9
2219055,Cabin BVM,2023-07-18 06:07:40,26.517,-6.365,-169,28,-60.353,89.9
2219054,Cabin BVM,2023-07-18 06:07:30,26.518,-6.405,-170,28,-60.335,89.9
2219053,Cabin BVM,2023-07-18 06:07:20,26.519,-6.358,-169,28,-60.317,89.9
2219052,Cabin BVM,2023-07-18 06:07:10,26.519,-6.346,-168,28,-60.299,90
2219051,Cabin BVM,2023-07-18 06:07:00,26.519,-6.348,-168,28,-60.282,90
2219050,Cabin BVM,2023-07-18 06:06:50,26.518,-6.349,-168,28,-60.264,90
2219049,Cabin BVM,2023-07-18 06:06:40,26.518,-6.623,-176,28,-60.246,90
2219048,Cabin BVM,2023-07-18 06:06:30,26.518,-6.604,-175,28,-60.228,90
2219047,Cabin BVM,2023-07-18 06:06:20,26.518,-6.491,-172,28,-60.209,90
2219046,Cabin BVM,2023-07-18 06:06:10,26.519,-6.363,-169,28,-60.191,90
2219045,Cabin BVM,2023-07-18 06:06:00,26.518,-6.313,-167,28,-60.174,90
2219044,Cabin BVM,2023-07-18 06:05:50,26.519,-6.587,-175,28,-60.156,90
2219043,Cabin BVM,2023-07-18 06:05:40,26.52,-6.505,-173,28,-60.138,90
2219042,Cabin BVM,2023-07-18 06:05:30,26.519,-6.517,-173,28,-60.12,90
2219041,Cabin BVM,2023-07-18 06:05:20,26.519,-6.418,-170,28,-60.102,90
2219040,Cabin BVM,2023-07-18 06:05:10,26.519,-6.343,-168,28,-60.084,90
2219039,Cabin BVM,2023-07-18 06:05:00,26.519,-6.349,-168,28,-60.067,90
2219038,Cabin BVM,2023-07-18 06:04:50,26.519,-6.398,-170,28,-60.049,90
2219037,Cabin BVM,2023-07-18 06:04:40,26.517,-6.427,-170,28,-60.031,90
2219036,Cabin BVM,2023-07-18 06:04:30,26.52,-6.397,-170,28,-60.014,90
2219035,Cabin BVM,2023-07-18 06:04:20,26.518,-6.649,-176,28,-59.995,90
2219034,Cabin BVM,2023-07-18 06:04:10,26.52,-6.358,-169,28,-59.977,90
2219033,Cabin BVM,2023-07-18 06:04:00,26.519,-6.367,-169,28,-59.96,90
2219032,Cabin BVM,2023-07-18 06:03:50,26.518,-6.339,-168,28,-59.942,90
2219031,Cabin BVM,2023-07-18 06:03:40,26.516,-6.758,-179,28,-59.926,90
2219030,Cabin BVM,2023-07-18 06:03:30,26.519,-6.684,-177,28,-59.905,90
2219029,Cabin BVM,2023-07-18 06:03:20,26.521,-6.239,-165,28,-59.887,90
2219028,Cabin BVM,2023-07-18 06:03:10,26.519,-6.381,-169,28,-59.87,90
2219027,Cabin BVM,2023-07-18 06:03:00,26.519,-6.404,-170,28,-59.852,90
2219026,Cabin BVM,2023-07-18 06:02:50,26.518,-6.548,-174,28,-59.834,90
2219025,Cabin BVM,2023-07-18 06:02:40,26.518,-6.601,-175,28,-59.816,90
2219024,Cabin BVM,2023-07-18 06:02:30,26.518,-6.617,-175,28,-59.798,90
2219023,Cabin BVM,2023-07-18 06:02:20,26.519,-6.403,-170,28,-59.78,90
2219022,Cabin BVM,2023-07-18 06:02:10,26.52,-6.43,-171,28,-59.762,90
2219021,Cabin BVM,2023-07-18 06:02:00,26.52,-6.392,-170,28,-59.744,90
2219020,Cabin BVM,2023-07-18 06:01:50,26.522,-6.337,-168,28,-59.726,90
2219019,Cabin BVM,2023-07-18 06:01:40,26.52,-6.594,-175,28,-59.708,90
2219018,Cabin BVM,2023-07-18 06:01:30,26.519,-6.604,-175,28,-59.69,90.1
2219017,Cabin BVM,2023-07-18 06:01:20,26.516,-6.666,-177,28,-59.672,90.1
2219016,Cabin BVM,2023-07-18 06:01:10,26.521,-6.395,-170,28,-59.654,90.1
2219015,Cabin BVM,2023-07-18 06:01:00,26.521,-6.404,-170,28,-59.636,90.1
2219014,Cabin BVM,2023-07-18 06:00:50,26.522,-6.348,-168,28,-59.618,90.1
2219013,Cabin BVM,2023-07-18 06:00:40,26.521,-6.216,-165,28,-59.601,90.1
2219012,Cabin BVM,2023-07-18 06:00:30,26.521,-6.353,-168,28,-59.583,90.1
2219011,Cabin BVM,2023-07-18 06:00:20,26.519,-6.427,-170,28,-59.565,90.1
2219010,Cabin BVM,2023-07-18 06:00:10,26.522,-6.366,-169,28,-59.547,90.1
2219009,Cabin BVM,2023-07-18 06:00:00,26.522,-6.424,-170,28,-59.53,90.1
2219008,Cabin BVM,2023-07-18 05:59:50,26.521,-6.428,-170,28,-59.512,90.1
2219007,Cabin BVM,2023-07-18 05:59:40,26.521,-6.485,-172,28,-59.494,90.1
2219006,Cabin BVM,2023-07-18 05:59:30,26.522,-6.318,-168,28,-59.476,90.1
2219005,Cabin BVM,2023-07-18 05:59:20,26.518,-6.438,-171,28,-59.458,90.1
2219004,Cabin BVM,2023-07-18 05:59:10,26.52,-6.378,-169,28,-59.441,90.1
2219003,Cabin BVM,2023-07-18 05:59:00,26.519,-6.545,-174,28,-59.423,90.1
2219002,Cabin BVM,2023-07-18 05:58:50,26.521,-6.369,-169,28,-59.405,90.1
2219001,Cabin BVM,2023-07-18 05:58:40,26.522,-6.236,-165,28,-59.387,90.1
2219000,Cabin BVM,2023-07-18 05:58:30,26.522,-6.193,-164,28,-59.37,90.1
2218999,Cabin BVM,2023-07-18 05:58:20,26.521,-6.234,-165,28,-59.353,90.1
2218998,Cabin BVM,2023-07-18 05:58:10,26.521,-6.368,-169,28,-59.335,90.1
2218997,Cabin BVM,2023-07-18 05:58:00,26.523,-6.386,-169,28,-59.318,90.1
2218996,Cabin BVM,2023-07-18 05:57:50,26.521,-6.211,-165,28,-59.3,90.1
2218995,Cabin BVM,2023-07-18 05:57:40,26.519,-6.396,-170,28,-59.283,90.1
2218994,Cabin BVM,2023-07-18 05:57:30,26.519,-6.477,-172,28,-59.265,90.1
2218993,Cabin BVM,2023-07-18 05:57:20,26.52,-6.687,-177,28,-59.247,90.1
2218992,Cabin BVM,2023-07-18 05:57:10,26.521,-6.565,-174,28,-59.228,90.1
2218991,Cabin BVM,2023-07-18 05:57:00,26.522,-6.42,-170,28,-59.21,90.1
2218990,Cabin BVM,2023-07-18 05:56:50,26.521,-6.7,-178,28,-59.192,90.1
2218989,Cabin BVM,2023-07-18 05:56:40,26.521,-6.438,-171,28,-59.174,90.1
2218988,Cabin BVM,2023-07-18 05:56:30,26.519,-6.584,-175,28,-59.156,90.1
2218987,Cabin BVM,2023-07-18 05:56:20,26.522,-6.576,-174,28,-59.138,90.1
2218986,Cabin BVM,2023-07-18 05:56:10,26.522,-6.573,-174,28,-59.119,90.1
2218985,Cabin BVM,2023-07-18 05:56:00,26.521,-6.598,-175,28,-59.101,90.1
2218984,Cabin BVM,2023-07-18 05:55:50,26.524,-6.312,-167,28,-59.083,90.2
2218983,Cabin BVM,2023-07-18 05:55:40,26.524,-6.413,-170,28,-59.066,90.2
2218982,Cabin BVM,2023-07-18 05:55:30,26.524,-6.434,-171,28,-59.048,90.2
2218981,Cabin BVM,2023-07-18 05:55:20,26.522,-6.393,-170,28,-59.03,90.2
2218980,Cabin BVM,2023-07-18 05:55:10,26.523,-6.509,-173,28,-59.012,90.2
2218979,Cabin BVM,2023-07-18 05:55:00,26.522,-6.58,-175,28,-58.994,90.2
2218978,Cabin BVM,2023-07-18 05:54:50,26.523,-6.284,-167,28,-58.976,90.2
2218977,Cabin BVM,2023-07-18 05:54:40,26.522,-6.652,-176,28,-58.958,90.2
2218976,Cabin BVM,2023-07-18 05:54:30,26.522,-6.508,-173,28,-58.94,90.2
2218975,Cabin BVM,2023-07-18 05:54:20,26.523,-6.603,-175,28,-58.922,90.2
2218974,Cabin BVM,2023-07-18 05:54:10,26.522,-6.459,-171,28,-58.903,90.2
2218973,Cabin BVM,2023-07-18 05:54:00,26.522,-6.57,-174,28,-58.885,90.2
2218972,Cabin BVM,2023-07-18 05:53:50,26.523,-6.598,-175,28,-58.867,90.2
2218971,Cabin BVM,2023-07-18 05:53:40,26.523,-6.668,-177,28,-58.848,90.2
2218970,Cabin BVM,2023-07-18 05:53:30,26.524,-6.673,-177,28,-58.83,90.2
2218969,Cabin BVM,2023-07-18 05:53:20,26.524,-6.478,-172,28,-58.812,90.2
2218968,Cabin BVM,2023-07-18 05:53:10,26.524,-6.59,-175,28,-58.794,90.2
2218967,Cabin BVM,2023-07-18 05:53:00,26.524,-6.397,-170,28,-58.777,90.2
2218966,Cabin BVM,2023-07-18 05:52:50,26.523,-6.486,-172,28,-58.759,90.2
2218965,Cabin BVM,2023-07-18 05:52:40,26.523,-6.339,-168,28,-58.741,90.2
2218964,Cabin BVM,2023-07-18 05:52:30,26.526,-6.354,-169,28,-58.723,90.2
2218963,Cabin BVM,2023-07-18 05:52:20,26.524,-6.39,-169,28,-58.705,90.2
2218962,Cabin BVM,2023-07-18 05:52:10,26.525,-6.41,-170,28,-58.687,90.2
2218961,Cabin BVM,2023-07-18 05:52:00,26.524,-6.415,-170,28,-58.67,90.2
2218960,Cabin BVM,2023-07-18 05:51:50,26.525,-6.519,-173,28,-58.652,90.2
2218959,Cabin BVM,2023-07-18 05:51:40,26.524,-6.544,-174,28,-58.634,90.2
2218958,Cabin BVM,2023-07-18 05:51:30,26.527,-6.579,-175,28,-58.615,90.2
2218957,Cabin BVM,2023-07-18 05:51:20,26.527,-6.389,-169,28,-58.597,90.2
2218956,Cabin BVM,2023-07-18 05:51:10,26.525,-6.559,-174,28,-58.58,90.2
2218955,Cabin BVM,2023-07-18 05:51:00,26.524,-6.567,-174,28,-58.561,90.2
2218954,Cabin BVM,2023-07-18 05:50:50,26.526,-6.39,-170,28,-58.544,90.2
2218953,Cabin BVM,2023-07-18 05:50:40,26.526,-6.437,-171,28,-58.526,90.2
2218952,Cabin BVM,2023-07-18 05:50:30,26.525,-6.503,-173,28,-58.508,90.2
2218951,Cabin BVM,2023-07-18 05:50:20,26.526,-6.421,-170,28,-58.49,90.3
2218950,Cabin BVM,2023-07-18 05:50:10,26.526,-6.316,-168,28,-58.472,90.3
2218949,Cabin BVM,2023-07-18 05:50:00,26.527,-6.358,-169,28,-58.454,90.3
2218948,Cabin BVM,2023-07-18 05:49:50,26.524,-6.422,-170,28,-58.437,90.3
2218947,Cabin BVM,2023-07-18 05:49:40,26.524,-6.631,-176,28,-58.419,90.3
2218946,Cabin BVM,2023-07-18 05:49:30,26.525,-6.586,-175,28,-58.4,90.3
2218945,Cabin BVM,2023-07-18 05:49:20,26.525,-6.377,-169,28,-58.383,90.3
2218944,Cabin BVM,2023-07-18 05:49:10,26.526,-6.459,-171,28,-58.365,90.3
2218943,Cabin BVM,2023-07-18 05:49:00,26.526,-6.516,-173,28,-58.347,90.3
2218942,Cabin BVM,2023-07-18 05:48:50,26.525,-6.637,-176,28,-58.329,90.3
2218941,Cabin BVM,2023-07-18 05:48:40,26.524,-6.695,-178,28,-58.31,90.3
2218940,Cabin BVM,2023-07-18 05:48:30,26.524,-6.697,-178,28,-58.292,90.3
2218939,Cabin BVM,2023-07-18 05:48:20,26.527,-6.408,-170,28,-58.273,90.3
2218938,Cabin BVM,2023-07-18 05:48:10,26.526,-6.518,-173,28,-58.256,90.3
2218937,Cabin BVM,2023-07-18 05:48:00,26.528,-6.479,-172,28,-58.238,90.3
2218936,Cabin BVM,2023-07-18 05:47:50,26.528,-6.59,-175,28,-58.219,90.3
2218935,Cabin BVM,2023-07-18 05:47:40,26.526,-6.729,-178,28,-58.201,90.3
2218934,Cabin BVM,2023-07-18 05:47:30,26.526,-6.72,-178,28,-58.183,90.3
2218933,Cabin BVM,2023-07-18 05:47:20,26.529,-6.438,-171,28,-58.164,90.3
2218932,Cabin BVM,2023-07-18 05:47:10,26.528,-6.596,-175,28,-58.147,90.3
2218931,Cabin BVM,2023-07-18 05:47:00,26.527,-6.508,-173,28,-58.128,90.3
2218930,Cabin BVM,2023-07-18 05:46:50,26.528,-6.401,-170,28,-58.11,90.3
2218929,Cabin BVM,2023-07-18 05:46:40,26.528,-6.435,-171,28,-58.092,90.3
2218928,Cabin BVM,2023-07-18 05:46:30,26.529,-6.46,-171,28,-58.075,90.3
2218927,Cabin BVM,2023-07-18 05:46:20,26.528,-6.509,-173,28,-58.057,90.3
2218926,Cabin BVM,2023-07-18 05:46:10,26.527,-6.769,-180,28,-58.039,90.3
2218925,Cabin BVM,2023-07-18 05:46:00,26.529,-6.735,-179,28,-58.02,90.3
2218924,Cabin BVM,2023-07-18 05:45:50,26.529,-6.785,-180,28,-58.001,90.3
2218923,Cabin BVM,2023-07-18 05:45:40,26.53,-6.669,-177,28,-57.982,90.3
2218922,Cabin BVM,2023-07-18 05:45:30,26.529,-6.65,-176,28,-57.964,90.3
2218921,Cabin BVM,2023-07-18 05:45:20,26.531,-6.449,-171,28,-57.946,90.3
2218920,Cabin BVM,2023-07-18 05:45:10,26.53,-6.682,-177,28,-57.928,90.3
2218919,Cabin BVM,2023-07-18 05:45:00,26.53,-6.712,-178,28,-57.909,90.3
2218918,Cabin BVM,2023-07-18 05:44:50,26.532,-6.501,-172,28,-57.891,90.4
2218917,Cabin BVM,2023-07-18 05:44:40,26.53,-6.571,-174,28,-57.873,90.4
2218916,Cabin BVM,2023-07-18 05:44:30,26.531,-6.608,-175,28,-57.854,90.4
2218915,Cabin BVM,2023-07-18 05:44:20,26.532,-6.523,-173,28,-57.836,90.4
2218914,Cabin BVM,2023-07-18 05:44:10,26.532,-6.551,-174,28,-57.818,90.4
2218913,Cabin BVM,2023-07-18 05:44:00,26.531,-6.567,-174,28,-57.8,90.4
2218912,Cabin BVM,2023-07-18 05:43:50,26.53,-6.787,-180,28,-57.781,90.4
2218911,Cabin BVM,2023-07-18 05:43:40,26.533,-6.694,-178,28,-57.762,90.4
2218910,Cabin BVM,2023-07-18 05:43:30,26.535,-6.6,-175,28,-57.744,90.4
2218909,Cabin BVM,2023-07-18 05:43:20,26.536,-6.552,-174,28,-57.726,90.4
2218908,Cabin BVM,2023-07-18 05:43:10,26.534,-6.59,-175,28,-57.707,90.4
2218907,Cabin BVM,2023-07-18 05:43:00,26.534,-6.609,-175,28,-57.689,90.4
2218906,Cabin BVM,2023-07-18 05:42:50,26.535,-6.841,-182,28,-57.67,90.4
2218905,Cabin BVM,2023-07-18 05:42:40,26.534,-6.959,-185,28,-57.651,90.4
2218904,Cabin BVM,2023-07-18 05:42:30,26.536,-6.936,-184,28,-57.632,90.4
2218903,Cabin BVM,2023-07-18 05:42:20,26.536,-6.967,-185,28,-57.613,90.4
2218902,Cabin BVM,2023-07-18 05:42:10,26.535,-7.141,-189,28,-57.593,90.4
2218901,Cabin BVM,2023-07-18 05:42:00,26.538,-6.868,-182,28,-57.574,90.4
2218900,Cabin BVM,2023-07-18 05:41:50,26.561,-3.26,-87,28,-57.549,90.4
2218899,Cabin BVM,2023-07-18 05:41:40,26.562,-3.334,-89,28,-57.54,90.4
2218898,Cabin BVM,2023-07-18 05:41:30,26.559,-3.383,-90,28,-57.53,90.4
2218897,Cabin BVM,2023-07-18 05:41:20,26.559,-3.336,-89,28,-57.521,90.4
2218896,Cabin BVM,2023-07-18 05:41:10,26.56,-3.326,-88,28,-57.512,90.4
2218895,Cabin BVM,2023-07-18 05:41:00,26.561,-3.344,-89,28,-57.503,90.4
2218894,Cabin BVM,2023-07-18 05:40:50,26.561,-3.293,-87,28,-57.493,90.4
2218893,Cabin BVM,2023-07-18 05:40:40,26.559,-3.54,-94,28,-57.484,90.4
2218892,Cabin BVM,2023-07-18 05:40:30,26.559,-3.489,-93,28,-57.474,90.4
2218891,Cabin BVM,2023-07-18 05:40:20,26.558,-3.344,-89,28,-57.465,90.4
2218890,Cabin BVM,2023-07-18 05:40:10,26.561,-3.331,-88,28,-57.456,90.4
2218889,Cabin BVM,2023-07-18 05:40:00,26.56,-3.285,-87,28,-57.447,90.4
2218888,Cabin BVM,2023-07-18 05:39:50,26.559,-3.335,-89,28,-57.437,90.4
2218887,Cabin BVM,2023-07-18 05:39:40,26.56,-3.214,-85,28,-57.427,90.4
2218886,Cabin BVM,2023-07-18 05:39:30,26.561,-3.198,-85,28,-57.418,90.4
2218885,Cabin BVM,2023-07-18 05:39:20,26.559,-3.424,-91,28,-57.409,90.4
2218884,Cabin BVM,2023-07-18 05:39:10,26.558,-3.433,-91,28,-57.4,90.4
2218883,Cabin BVM,2023-07-18 05:39:00,26.558,-3.949,-105,28,-57.39,90.4
2218882,Cabin BVM,2023-07-18 05:38:50,26.56,-3.233,-86,28,-57.379,90.4
2218881,Cabin BVM,2023-07-18 05:38:40,26.556,-4.182,-111,28,-57.369,90.4
2218880,Cabin BVM,2023-07-18 05:38:30,26.555,-4.064,-108,28,-57.358,90.4
2218879,Cabin BVM,2023-07-18 05:38:20,26.558,-3.754,-100,28,-57.348,90.4
2218878,Cabin BVM,2023-07-18 05:38:10,26.56,-3.309,-88,28,-57.338,90.4
2218877,Cabin BVM,2023-07-18 05:38:00,26.556,-3.828,-102,28,-57.328,90.4
2218876,Cabin BVM,2023-07-18 05:37:50,26.557,-3.771,-100,28,-57.317,90.4
2218875,Cabin BVM,2023-07-18 05:37:40,26.556,-4.029,-107,28,-57.307,90.4
2218874,Cabin BVM,2023-07-18 05:37:30,26.555,-4.025,-107,28,-57.296,90.5
2218873,Cabin BVM,2023-07-18 05:37:20,26.558,-3.566,-95,28,-57.286,90.5
2218872,Cabin BVM,2023-07-18 05:37:10,26.556,-3.934,-104,28,-57.276,90.5
2218871,Cabin BVM,2023-07-18 05:37:00,26.557,-3.948,-105,28,-57.265,90.5
2218870,Cabin BVM,2023-07-18 05:36:50,26.56,-3.44,-91,28,-57.255,90.5
2218869,Cabin BVM,2023-07-18 05:36:40,26.558,-3.531,-94,28,-57.245,90.5
2218868,Cabin BVM,2023-07-18 05:36:30,26.559,-3.498,-93,28,-57.235,90.5
2218867,Cabin BVM,2023-07-18 05:36:20,26.558,-3.727,-99,28,-57.225,90.5
2218866,Cabin BVM,2023-07-18 05:36:10,26.558,-3.738,-99,28,-57.214,90.5
2218865,Cabin BVM,2023-07-18 05:36:00,26.558,-3.716,-99,28,-57.204,90.5
2218864,Cabin BVM,2023-07-18 05:35:50,26.558,-3.659,-97,28,-57.194,90.5
2218863,Cabin BVM,2023-07-18 05:35:40,26.556,-3.903,-104,28,-57.184,90.5
2218862,Cabin BVM,2023-07-18 05:35:30,26.556,-3.833,-102,28,-57.173,90.5
2218861,Cabin BVM,2023-07-18 05:35:20,26.555,-3.884,-103,28,-57.163,90.5
2218860,Cabin BVM,2023-07-18 05:35:10,26.559,-3.712,-99,28,-57.152,90.5
2218859,Cabin BVM,2023-07-18 05:35:00,26.557,-3.729,-99,28,-57.142,90.5
2218858,Cabin BVM,2023-07-18 05:34:50,26.558,-3.625,-96,28,-57.132,90.5
2218857,Cabin BVM,2023-07-18 05:34:40,26.559,-3.581,-95,28,-57.122,90.5
2218856,Cabin BVM,2023-07-18 05:34:30,26.557,-3.613,-96,28,-57.112,90.5
2218855,Cabin BVM,2023-07-18 05:34:20,26.555,-3.784,-100,28,-57.101,90.5
2218854,Cabin BVM,2023-07-18 05:34:10,26.555,-3.871,-103,28,-57.091,90.5
2218853,Cabin BVM,2023-07-18 05:34:00,26.554,-3.974,-106,28,-57.08,90.5
2218852,Cabin BVM,2023-07-18 05:33:50,26.556,-3.934,-104,28,-57.069,90.5
2218851,Cabin BVM,2023-07-18 05:33:40,26.556,-3.661,-97,28,-57.058,90.5
2218850,Cabin BVM,2023-07-18 05:33:30,26.558,-3.636,-97,28,-57.048,90.5
2218849,Cabin BVM,2023-07-18 05:33:20,26.556,-3.771,-100,28,-57.038,90.5
2218848,Cabin BVM,2023-07-18 05:33:10,26.556,-3.708,-98,28,-57.027,90.5
2218847,Cabin BVM,2023-07-18 05:33:00,26.556,-3.733,-99,28,-57.017,90.5
2218846,Cabin BVM,2023-07-18 05:32:50,26.554,-3.973,-105,28,-57.006,90.5
2218845,Cabin BVM,2023-07-18 05:32:40,26.555,-3.884,-103,28,-56.995,90.5
2218844,Cabin BVM,2023-07-18 05:32:30,26.554,-4.038,-107,28,-56.984,90.5
2218843,Cabin BVM,2023-07-18 05:32:20,26.557,-3.64,-97,28,-56.974,90.5
2218842,Cabin BVM,2023-07-18 05:32:10,26.558,-3.804,-101,28,-56.964,90.5
2218841,Cabin BVM,2023-07-18 05:32:00,26.557,-3.797,-101,28,-56.953,90.5
2218840,Cabin BVM,2023-07-18 05:31:50,26.558,-3.577,-95,28,-56.943,90.5
2218839,Cabin BVM,2023-07-18 05:31:40,26.557,-3.888,-103,28,-56.933,90.5
2218838,Cabin BVM,2023-07-18 05:31:30,26.555,-3.838,-102,28,-56.922,90.5
2218837,Cabin BVM,2023-07-18 05:31:20,26.556,-3.749,-100,28,-56.911,90.5
2218836,Cabin BVM,2023-07-18 05:31:10,26.556,-3.69,-98,28,-56.901,90.5
2218835,Cabin BVM,2023-07-18 05:31:00,26.555,-3.711,-99,28,-56.891,90.5
2218834,Cabin BVM,2023-07-18 05:30:50,26.556,-3.677,-98,28,-56.88,90.5
2218833,Cabin BVM,2023-07-18 05:30:40,26.556,-3.888,-103,28,-56.87,90.5
2218832,Cabin BVM,2023-07-18 05:30:30,26.557,-3.633,-96,28,-56.86,90.5
2218831,Cabin BVM,2023-07-18 05:30:20,26.556,-3.692,-98,28,-56.849,90.5
2218830,Cabin BVM,2023-07-18 05:30:10,26.556,-3.78,-100,28,-56.839,90.5
2218829,Cabin BVM,2023-07-18 05:30:00,26.556,-3.825,-102,28,-56.828,90.5
2218828,Cabin BVM,2023-07-18 05:29:50,26.556,-3.801,-101,28,-56.818,90.5
2218827,Cabin BVM,2023-07-18 05:29:40,26.556,-3.706,-98,28,-56.808,90.5
2218826,Cabin BVM,2023-07-18 05:29:30,26.556,-3.675,-98,28,-56.797,90.5
2218825,Cabin BVM,2023-07-18 05:29:20,26.555,-3.848,-102,28,-56.787,90.5
2218824,Cabin BVM,2023-07-18 05:29:10,26.554,-3.806,-101,28,-56.776,90.5
2218823,Cabin BVM,2023-07-18 05:29:00,26.555,-3.839,-102,28,-56.766,90.5
2218822,Cabin BVM,2023-07-18 05:28:50,26.557,-3.718,-99,28,-56.755,90.5
2218821,Cabin BVM,2023-07-18 05:28:40,26.556,-3.71,-99,28,-56.745,90.5
2218820,Cabin BVM,2023-07-18 05:28:30,26.556,-3.707,-98,28,-56.735,90.5
2218819,Cabin BVM,2023-07-18 05:28:20,26.557,-3.704,-98,28,-56.725,90.5
2218818,Cabin BVM,2023-07-18 05:28:10,26.556,-3.727,-99,28,-56.714,90.5
2218817,Cabin BVM,2023-07-18 05:28:00,26.556,-3.661,-97,28,-56.704,90.5
2218816,Cabin BVM,2023-07-18 05:27:50,26.556,-3.87,-103,28,-56.693,90.6
2218815,Cabin BVM,2023-07-18 05:27:40,26.557,-3.739,-99,28,-56.683,90.6
2218814,Cabin BVM,2023-07-18 05:27:30,26.557,-3.716,-99,28,-56.673,90.6
2218813,Cabin BVM,2023-07-18 05:27:20,26.557,-3.702,-98,28,-56.662,90.6
2218812,Cabin BVM,2023-07-18 05:27:10,26.557,-3.576,-95,28,-56.652,90.6
2218811,Cabin BVM,2023-07-18 05:27:00,26.557,-3.59,-95,28,-56.642,90.6
2218810,Cabin BVM,2023-07-18 05:26:50,26.556,-3.732,-99,28,-56.632,90.6
2218809,Cabin BVM,2023-07-18 05:26:40,26.556,-3.806,-101,28,-56.622,90.6
2218808,Cabin BVM,2023-07-18 05:26:30,26.554,-3.917,-104,28,-56.611,90.6
2218807,Cabin BVM,2023-07-18 05:26:20,26.557,-3.692,-98,28,-56.601,90.6
2218806,Cabin BVM,2023-07-18 05:26:10,26.556,-3.721,-99,28,-56.591,90.6
2218805,Cabin BVM,2023-07-18 05:26:00,26.555,-3.985,-106,28,-56.58,90.6
2218804,Cabin BVM,2023-07-18 05:25:50,26.556,-3.777,-100,28,-56.569,90.6
2218803,Cabin BVM,2023-07-18 05:25:40,26.555,-3.594,-95,28,-56.559,90.6
2218802,Cabin BVM,2023-07-18 05:25:30,26.556,-3.619,-96,28,-56.549,90.6
2218801,Cabin BVM,2023-07-18 05:25:20,26.554,-3.895,-103,28,-56.538,90.6
2218800,Cabin BVM,2023-07-18 05:25:10,26.556,-3.596,-96,28,-56.528,90.6
2218799,Cabin BVM,2023-07-18 05:25:00,26.555,-3.625,-96,28,-56.517,90.6
2218798,Cabin BVM,2023-07-18 05:24:50,26.555,-3.801,-101,28,-56.508,90.6
2218797,Cabin BVM,2023-07-18 05:24:40,26.556,-3.738,-99,28,-56.496,90.6
2218796,Cabin BVM,2023-07-18 05:24:30,26.556,-3.795,-101,28,-56.486,90.6
2218795,Cabin BVM,2023-07-18 05:24:20,26.555,-3.818,-101,28,-56.475,90.6
2218794,Cabin BVM,2023-07-18 05:24:10,26.557,-3.618,-96,28,-56.465,90.6
2218793,Cabin BVM,2023-07-18 05:24:00,26.556,-3.662,-97,28,-56.455,90.6
2218792,Cabin BVM,2023-07-18 05:23:50,26.556,-3.648,-97,28,-56.445,90.6
2218791,Cabin BVM,2023-07-18 05:23:40,26.557,-3.747,-100,28,-56.434,90.6
2218790,Cabin BVM,2023-07-18 05:23:30,26.558,-3.69,-98,28,-56.424,90.6
2218789,Cabin BVM,2023-07-18 05:23:20,26.558,-3.648,-97,28,-56.414,90.6
2218788,Cabin BVM,2023-07-18 05:23:10,26.555,-3.731,-99,28,-56.404,90.6
2218787,Cabin BVM,2023-07-18 05:23:00,26.554,-3.85,-102,28,-56.393,90.6
2218786,Cabin BVM,2023-07-18 05:22:50,26.554,-3.95,-105,28,-56.382,90.6
2218785,Cabin BVM,2023-07-18 05:22:40,26.556,-3.654,-97,28,-56.371,90.6
2218784,Cabin BVM,2023-07-18 05:22:30,26.556,-3.656,-97,28,-56.361,90.6
2218783,Cabin BVM,2023-07-18 05:22:20,26.558,-3.532,-94,28,-56.351,90.6
2218782,Cabin BVM,2023-07-18 05:22:10,26.555,-3.894,-103,28,-56.341,90.6
2218781,Cabin BVM,2023-07-18 05:22:00,26.555,-3.715,-99,28,-56.332,90.6
2218780,Cabin BVM,2023-07-18 05:21:50,26.557,-3.687,-98,28,-56.32,90.6
2218779,Cabin BVM,2023-07-18 05:21:40,26.554,-3.846,-102,28,-56.31,90.6
2218778,Cabin BVM,2023-07-18 05:21:30,26.554,-3.828,-102,28,-56.299,90.6
2218777,Cabin BVM,2023-07-18 05:21:20,26.554,-3.73,-99,28,-56.289,90.6
2218776,Cabin BVM,2023-07-18 05:21:10,26.555,-3.711,-99,28,-56.278,90.6
2218775,Cabin BVM,2023-07-18 05:21:00,26.553,-4.017,-107,28,-56.268,90.6
2218774,Cabin BVM,2023-07-18 05:20:50,26.556,-3.934,-104,28,-56.257,90.6
2218773,Cabin BVM,2023-07-18 05:20:40,26.556,-3.557,-94,28,-56.247,90.6
2218772,Cabin BVM,2023-07-18 05:20:30,26.556,-3.641,-97,28,-56.237,90.6
2218771,Cabin BVM,2023-07-18 05:20:20,26.555,-3.705,-98,28,-56.226,90.6
2218770,Cabin BVM,2023-07-18 05:20:10,26.554,-3.966,-105,28,-56.216,90.6
2218769,Cabin BVM,2023-07-18 05:20:00,26.556,-3.967,-105,28,-56.205,90.6
2218768,Cabin BVM,2023-07-18 05:19:50,26.557,-3.585,-95,28,-56.195,90.6
2218767,Cabin BVM,2023-07-18 05:19:40,26.557,-3.66,-97,28,-56.185,90.6
2218766,Cabin BVM,2023-07-18 05:19:30,26.556,-3.69,-98,28,-56.174,90.6
2218765,Cabin BVM,2023-07-18 05:19:20,26.557,-3.699,-98,28,-56.164,90.6
2218764,Cabin BVM,2023-07-18 05:19:10,26.556,-3.78,-100,28,-56.154,90.6
2218763,Cabin BVM,2023-07-18 05:19:00,26.557,-3.653,-97,28,-56.143,90.6
2218762,Cabin BVM,2023-07-18 05:18:50,26.557,-3.676,-98,28,-56.133,90.6
2218761,Cabin BVM,2023-07-18 05:18:40,26.556,-3.861,-103,28,-56.123,90.6
2218760,Cabin BVM,2023-07-18 05:18:30,26.555,-3.846,-102,28,-56.112,90.6
2218759,Cabin BVM,2023-07-18 05:18:20,26.556,-3.703,-98,28,-56.102,90.6
2218758,Cabin BVM,2023-07-18 05:18:10,26.557,-3.77,-100,28,-56.092,90.7
2218757,Cabin BVM,2023-07-18 05:18:00,26.558,-3.616,-96,28,-56.081,90.7
2218756,Cabin BVM,2023-07-18 05:17:50,26.556,-3.71,-99,28,-56.071,90.7
2218755,Cabin BVM,2023-07-18 05:17:40,26.556,-3.729,-99,28,-56.061,90.7
2218754,Cabin BVM,2023-07-18 05:17:30,26.554,-3.735,-99,28,-56.051,90.7
2218753,Cabin BVM,2023-07-18 05:17:20,26.557,-3.71,-99,28,-56.04,90.7
2218752,Cabin BVM,2023-07-18 05:17:10,26.555,-3.683,-98,28,-56.03,90.7
2218751,Cabin BVM,2023-07-18 05:17:00,26.556,-3.695,-98,28,-56.019,90.7
2218750,Cabin BVM,2023-07-18 05:16:50,26.559,-3.618,-96,28,-56.009,90.7
2218749,Cabin BVM,2023-07-18 05:16:40,26.555,-3.773,-100,28,-55.999,90.7
2218748,Cabin BVM,2023-07-18 05:16:30,26.554,-3.754,-100,28,-55.988,90.7
2218747,Cabin BVM,2023-07-18 05:16:20,26.555,-3.837,-102,28,-55.978,90.7
2218746,Cabin BVM,2023-07-18 05:16:10,26.557,-3.734,-99,28,-55.967,90.7
2218745,Cabin BVM,2023-07-18 05:16:00,26.555,-3.846,-102,28,-55.957,90.7
2218744,Cabin BVM,2023-07-18 05:15:50,26.556,-3.703,-98,28,-55.946,90.7
2218743,Cabin BVM,2023-07-18 05:15:40,26.555,-3.925,-104,28,-55.936,90.7
2218742,Cabin BVM,2023-07-18 05:15:30,26.553,-3.901,-104,28,-55.925,90.7
2218741,Cabin BVM,2023-07-18 05:15:20,26.556,-3.681,-98,28,-55.914,90.7
2218740,Cabin BVM,2023-07-18 05:15:10,26.555,-3.892,-103,28,-55.904,90.7
2218739,Cabin BVM,2023-07-18 05:15:00,26.554,-3.891,-103,28,-55.893,90.7
2218738,Cabin BVM,2023-07-18 05:14:50,26.555,-3.846,-102,28,-55.882,90.7
2218737,Cabin BVM,2023-07-18 05:14:40,26.554,-3.844,-102,28,-55.871,90.7
2218736,Cabin BVM,2023-07-18 05:14:30,26.554,-3.814,-101,28,-55.861,90.7
2218735,Cabin BVM,2023-07-18 05:14:20,26.554,-3.671,-97,28,-55.85,90.7
2218734,Cabin BVM,2023-07-18 05:14:10,26.556,-3.575,-95,28,-55.84,90.7
2218733,Cabin BVM,2023-07-18 05:14:00,26.555,-3.648,-97,28,-55.83,90.7
2218732,Cabin BVM,2023-07-18 05:13:50,26.554,-3.982,-106,28,-55.82,90.7
2218731,Cabin BVM,2023-07-18 05:13:40,26.554,-3.719,-99,28,-55.809,90.7
2218730,Cabin BVM,2023-07-18 05:13:30,26.554,-3.717,-99,28,-55.799,90.7
2218729,Cabin BVM,2023-07-18 05:13:20,26.554,-3.722,-99,28,-55.788,90.7
2218728,Cabin BVM,2023-07-18 05:13:10,26.556,-3.709,-99,28,-55.778,90.7
2218727,Cabin BVM,2023-07-18 05:13:00,26.555,-3.696,-98,28,-55.768,90.7
2218726,Cabin BVM,2023-07-18 05:12:50,26.555,-3.624,-96,28,-55.758,90.7
2218725,Cabin BVM,2023-07-18 05:12:40,26.556,-3.555,-94,28,-55.748,90.7
2218724,Cabin BVM,2023-07-18 05:12:30,26.556,-3.593,-95,28,-55.738,90.7
2218723,Cabin BVM,2023-07-18 05:12:20,26.555,-3.675,-98,28,-55.728,90.7
2218722,Cabin BVM,2023-07-18 05:12:10,26.555,-3.567,-95,28,-55.717,90.7
2218721,Cabin BVM,2023-07-18 05:12:00,26.555,-3.574,-95,28,-55.707,90.7
2218720,Cabin BVM,2023-07-18 05:11:50,26.553,-3.693,-98,28,-55.697,90.7
2218719,Cabin BVM,2023-07-18 05:11:40,26.555,-3.773,-100,28,-55.687,90.7
2218718,Cabin BVM,2023-07-18 05:11:30,26.555,-3.741,-99,28,-55.676,90.7
2218717,Cabin BVM,2023-07-18 05:11:20,26.552,-4.073,-108,28,-55.665,90.7
2218716,Cabin BVM,2023-07-18 05:11:10,26.554,-3.812,-101,28,-55.654,90.7
2218715,Cabin BVM,2023-07-18 05:11:00,26.554,-3.973,-105,28,-55.643,90.7
2218714,Cabin BVM,2023-07-18 05:10:50,26.553,-3.924,-104,28,-55.632,90.7
2218713,Cabin BVM,2023-07-18 05:10:40,26.553,-3.969,-105,28,-55.622,90.7
2218712,Cabin BVM,2023-07-18 05:10:30,26.552,-3.976,-106,28,-55.611,90.7
2218711,Cabin BVM,2023-07-18 05:10:20,26.555,-3.667,-97,28,-55.6,90.7
2218710,Cabin BVM,2023-07-18 05:10:10,26.551,-3.973,-105,28,-55.589,90.7
2218709,Cabin BVM,2023-07-18 05:10:00,26.553,-3.983,-106,28,-55.578,90.7
2218708,Cabin BVM,2023-07-18 05:09:50,26.555,-3.961,-105,28,-55.567,90.7
2218707,Cabin BVM,2023-07-18 05:09:40,26.555,-3.776,-100,28,-55.557,90.7
2218706,Cabin BVM,2023-07-18 05:09:30,26.553,-3.976,-106,28,-55.546,90.7
2218705,Cabin BVM,2023-07-18 05:09:20,26.553,-3.758,-100,28,-55.535,90.7
2218704,Cabin BVM,2023-07-18 05:09:10,26.554,-3.817,-101,28,-55.525,90.7
2218703,Cabin BVM,2023-07-18 05:09:00,26.552,-3.856,-102,28,-55.514,90.7
2218702,Cabin BVM,2023-07-18 05:08:50,26.553,-3.879,-103,28,-55.503,90.7
2218701,Cabin BVM,2023-07-18 05:08:40,26.552,-3.882,-103,28,-55.492,90.8
2218700,Cabin BVM,2023-07-18 05:08:30,26.553,-3.834,-102,28,-55.482,90.8
2218699,Cabin BVM,2023-07-18 05:08:20,26.551,-3.933,-104,28,-55.471,90.8
2218698,Cabin BVM,2023-07-18 05:08:10,26.553,-3.627,-96,28,-55.461,90.8
2218697,Cabin BVM,2023-07-18 05:08:00,26.553,-3.636,-97,28,-55.45,90.8
2218696,Cabin BVM,2023-07-18 05:07:50,26.552,-3.581,-95,28,-55.44,90.8
2218695,Cabin BVM,2023-07-18 05:07:40,26.553,-3.74,-99,28,-55.431,90.8
2218694,Cabin BVM,2023-07-18 05:07:30,26.552,-3.72,-99,28,-55.419,90.8
2218693,Cabin BVM,2023-07-18 05:07:20,26.552,-3.813,-101,28,-55.409,90.8
2218692,Cabin BVM,2023-07-18 05:07:10,26.553,-3.703,-98,28,-55.398,90.8
2218691,Cabin BVM,2023-07-18 05:07:00,26.553,-3.742,-99,28,-55.388,90.8
2218690,Cabin BVM,2023-07-18 05:06:50,26.552,-3.531,-94,28,-55.378,90.8
2218689,Cabin BVM,2023-07-18 05:06:40,26.552,-3.523,-94,28,-55.368,90.8
2218688,Cabin BVM,2023-07-18 05:06:30,26.553,-3.536,-94,28,-55.358,90.8
2218687,Cabin BVM,2023-07-18 05:06:20,26.553,-3.606,-96,28,-55.348,90.8
2218686,Cabin BVM,2023-07-18 05:06:10,26.553,-3.689,-98,28,-55.338,90.8
2218685,Cabin BVM,2023-07-18 05:06:00,26.552,-3.722,-99,28,-55.328,90.8
2218684,Cabin BVM,2023-07-18 05:05:50,26.551,-3.686,-98,28,-55.317,90.8
2218683,Cabin BVM,2023-07-18 05:05:40,26.552,-3.918,-104,28,-55.307,90.8
2218682,Cabin BVM,2023-07-18 05:05:30,26.552,-3.982,-106,28,-55.296,90.8
2218681,Cabin BVM,2023-07-18 05:05:20,26.552,-3.728,-99,28,-55.285,90.8
2218680,Cabin BVM,2023-07-18 05:05:10,26.551,-3.793,-101,28,-55.275,90.8
2218679,Cabin BVM,2023-07-18 05:05:00,26.553,-3.798,-101,28,-55.264,90.8
2218678,Cabin BVM,2023-07-18 05:04:50,26.553,-3.841,-102,28,-55.254,90.8
2218677,Cabin BVM,2023-07-18 05:04:40,26.554,-3.622,-96,28,-55.243,90.8
2218676,Cabin BVM,2023-07-18 05:04:30,26.552,-3.61,-96,28,-55.233,90.8
2218675,Cabin BVM,2023-07-18 05:04:20,26.552,-3.64,-97,28,-55.223,90.8
2218674,Cabin BVM,2023-07-18 05:04:10,26.55,-3.548,-94,28,-55.213,90.8
2218673,Cabin BVM,2023-07-18 05:04:00,26.553,-3.606,-96,28,-55.204,90.8
2218672,Cabin BVM,2023-07-18 05:03:50,26.552,-3.837,-102,28,-55.193,90.8
2218671,Cabin BVM,2023-07-18 05:03:40,26.552,-3.72,-99,28,-55.182,90.8
2218670,Cabin BVM,2023-07-18 05:03:30,26.552,-3.729,-99,28,-55.172,90.8
2218669,Cabin BVM,2023-07-18 05:03:20,26.552,-3.804,-101,28,-55.161,90.8
2218668,Cabin BVM,2023-07-18 05:03:10,26.553,-3.664,-97,28,-55.151,90.8
2218667,Cabin BVM,2023-07-18 05:03:00,26.552,-3.701,-98,28,-55.14,90.8
2218666,Cabin BVM,2023-07-18 05:02:50,26.549,-3.753,-100,28,-55.13,90.8
2218665,Cabin BVM,2023-07-18 05:02:40,26.551,-3.681,-98,28,-55.12,90.8
2218664,Cabin BVM,2023-07-18 05:02:30,26.551,-3.681,-98,28,-55.109,90.8
2218663,Cabin BVM,2023-07-18 05:02:20,26.549,-3.669,-97,28,-55.099,90.8
2218662,Cabin BVM,2023-07-18 05:02:10,26.551,-3.662,-97,28,-55.088,90.8
2218661,Cabin BVM,2023-07-18 05:02:00,26.551,-3.658,-97,28,-55.078,90.8
2218660,Cabin BVM,2023-07-18 05:01:50,26.55,-3.746,-99,28,-55.068,90.8
2218659,Cabin BVM,2023-07-18 05:01:40,26.551,-3.732,-99,28,-55.057,90.8
2218658,Cabin BVM,2023-07-18 05:01:30,26.55,-3.782,-100,28,-55.047,90.8
2218657,Cabin BVM,2023-07-18 05:01:20,26.551,-3.628,-96,28,-55.036,90.8
2218656,Cabin BVM,2023-07-18 05:01:10,26.551,-3.729,-99,28,-55.026,90.8
2218655,Cabin BVM,2023-07-18 05:01:00,26.55,-3.808,-101,28,-55.016,90.8
2218654,Cabin BVM,2023-07-18 05:00:50,26.552,-3.713,-99,28,-55.005,90.8
2218653,Cabin BVM,2023-07-18 05:00:40,26.551,-3.698,-98,28,-54.995,90.8
2218652,Cabin BVM,2023-07-18 05:00:30,26.55,-3.708,-98,28,-54.985,90.8
2218651,Cabin BVM,2023-07-18 05:00:20,26.551,-3.617,-96,28,-54.975,90.8
2218650,Cabin BVM,2023-07-18 05:00:10,26.549,-3.679,-98,28,-54.964,90.8
2218649,Cabin BVM,2023-07-18 05:00:00,26.549,-3.677,-98,28,-54.954,90.8
2218648,Cabin BVM,2023-07-18 04:59:50,26.547,-3.741,-99,28,-54.944,90.8
2218647,Cabin BVM,2023-07-18 04:59:40,26.55,-3.553,-94,28,-54.933,90.8
2218646,Cabin BVM,2023-07-18 04:59:30,26.55,-3.662,-97,28,-54.923,90.8
2218645,Cabin BVM,2023-07-18 04:59:20,26.549,-3.943,-105,28,-54.913,90.8
2218644,Cabin BVM,2023-07-18 04:59:10,26.55,-3.662,-97,28,-54.902,90.8
2218643,Cabin BVM,2023-07-18 04:59:00,26.548,-3.695,-98,28,-54.892,90.9
2218642,Cabin BVM,2023-07-18 04:58:50,26.551,-3.606,-96,28,-54.882,90.9
2218641,Cabin BVM,2023-07-18 04:58:40,26.549,-3.846,-102,28,-54.872,90.9
2218640,Cabin BVM,2023-07-18 04:58:30,26.546,-3.859,-102,28,-54.861,90.9
2218639,Cabin BVM,2023-07-18 04:58:20,26.545,-3.946,-105,28,-54.85,90.9
2218638,Cabin BVM,2023-07-18 04:58:10,26.546,-3.677,-98,28,-54.839,90.9
2218637,Cabin BVM,2023-07-18 04:58:00,26.546,-3.671,-97,28,-54.829,90.9
2218636,Cabin BVM,2023-07-18 04:57:50,26.545,-3.84,-102,28,-54.818,90.9
2218635,Cabin BVM,2023-07-18 04:57:40,26.547,-3.544,-94,28,-54.808,90.9
2218634,Cabin BVM,2023-07-18 04:57:30,26.544,-3.806,-101,28,-54.798,90.9
2218633,Cabin BVM,2023-07-18 04:57:20,26.544,-3.982,-106,28,-54.787,90.9
2218632,Cabin BVM,2023-07-18 04:57:10,26.546,-3.718,-99,28,-54.776,90.9
2218631,Cabin BVM,2023-07-18 04:57:00,26.547,-3.625,-96,28,-54.766,90.9
2218630,Cabin BVM,2023-07-18 04:56:50,26.547,-3.591,-95,28,-54.755,90.9
2218629,Cabin BVM,2023-07-18 04:56:40,26.545,-3.565,-95,28,-54.745,90.9
2218628,Cabin BVM,2023-07-18 04:56:30,26.546,-3.551,-94,28,-54.736,90.9
2218627,Cabin BVM,2023-07-18 04:56:20,26.544,-3.8,-101,28,-54.725,90.9
2218626,Cabin BVM,2023-07-18 04:56:10,26.543,-3.837,-102,28,-54.714,90.9
2218625,Cabin BVM,2023-07-18 04:56:00,26.543,-3.766,-100,28,-54.703,90.9
2218624,Cabin BVM,2023-07-18 04:55:50,26.541,-3.973,-105,28,-54.693,90.9
2218623,Cabin BVM,2023-07-18 04:55:40,26.542,-3.679,-98,28,-54.682,90.9
2218622,Cabin BVM,2023-07-18 04:55:30,26.543,-3.668,-97,28,-54.672,90.9
2218621,Cabin BVM,2023-07-18 04:55:20,26.54,-4.115,-109,28,-54.661,90.9
2218620,Cabin BVM,2023-07-18 04:55:10,26.542,-3.724,-99,28,-54.65,90.9
2218619,Cabin BVM,2023-07-18 04:55:00,26.544,-3.721,-99,28,-54.639,90.9
2218618,Cabin BVM,2023-07-18 04:54:50,26.539,-3.95,-105,28,-54.629,90.9
2218617,Cabin BVM,2023-07-18 04:54:40,26.542,-3.783,-100,28,-54.618,90.9
2218616,Cabin BVM,2023-07-18 04:54:30,26.541,-3.809,-101,28,-54.607,90.9
2218615,Cabin BVM,2023-07-18 04:54:20,26.541,-3.589,-95,28,-54.597,90.9
2218614,Cabin BVM,2023-07-18 04:54:10,26.539,-3.786,-100,28,-54.587,90.9
2218613,Cabin BVM,2023-07-18 04:54:00,26.539,-3.836,-102,28,-54.576,90.9
2218612,Cabin BVM,2023-07-18 04:53:50,26.541,-3.718,-99,28,-54.566,90.9
2218611,Cabin BVM,2023-07-18 04:53:40,26.539,-3.689,-98,28,-54.556,90.9
2218610,Cabin BVM,2023-07-18 04:53:30,26.537,-3.781,-100,28,-54.545,90.9
2218609,Cabin BVM,2023-07-18 04:53:20,26.539,-3.881,-103,28,-54.534,90.9
2218608,Cabin BVM,2023-07-18 04:53:10,26.537,-3.742,-99,28,-54.524,90.9
2218607,Cabin BVM,2023-07-18 04:53:00,26.538,-3.728,-99,28,-54.513,90.9
2218606,Cabin BVM,2023-07-18 04:52:50,26.538,-3.678,-98,28,-54.503,90.9
2218605,Cabin BVM,2023-07-18 04:52:40,26.538,-3.73,-99,28,-54.493,90.9
2218604,Cabin BVM,2023-07-18 04:52:30,26.537,-3.694,-98,28,-54.482,90.9
2218603,Cabin BVM,2023-07-18 04:52:20,26.536,-3.828,-102,28,-54.472,90.9
2218602,Cabin BVM,2023-07-18 04:52:10,26.536,-3.709,-98,28,-54.461,90.9
2218601,Cabin BVM,2023-07-18 04:52:00,26.536,-3.707,-98,28,-54.451,90.9
2218600,Cabin BVM,2023-07-18 04:51:50,26.518,-6.684,-177,28,-54.44,90.9
2218599,Cabin BVM,2023-07-18 04:51:40,26.519,-6.658,-177,28,-54.42,90.9
2218598,Cabin BVM,2023-07-18 04:51:30,26.518,-6.692,-177,28,-54.401,90.9
2218597,Cabin BVM,2023-07-18 04:51:20,26.516,-6.711,-178,28,-54.382,90.9
2218596,Cabin BVM,2023-07-18 04:51:10,26.517,-6.757,-179,29,-54.363,90.9
2218595,Cabin BVM,2023-07-18 04:51:00,26.516,-6.722,-178,28,-54.345,90.9
2218594,Cabin BVM,2023-07-18 04:50:50,26.515,-6.936,-184,29,-54.326,90.9
2218593,Cabin BVM,2023-07-18 04:50:40,26.516,-6.86,-182,29,-54.307,90.9
2218592,Cabin BVM,2023-07-18 04:50:30,26.515,-6.879,-182,29,-54.288,91
2218591,Cabin BVM,2023-07-18 04:50:20,26.516,-6.7,-178,29,-54.269,91
2218590,Cabin BVM,2023-07-18 04:50:10,26.519,-6.71,-178,29,-54.25,91
2218589,Cabin BVM,2023-07-18 04:50:00,26.519,-6.684,-177,29,-54.231,91
2218588,Cabin BVM,2023-07-18 04:49:50,26.517,-6.695,-178,29,-54.213,91
2218587,Cabin BVM,2023-07-18 04:49:40,26.515,-6.862,-182,29,-54.194,91
2218586,Cabin BVM,2023-07-18 04:49:30,26.515,-6.864,-182,29,-54.175,91
2218585,Cabin BVM,2023-07-18 04:49:20,26.518,-6.572,-174,29,-54.156,91
2218584,Cabin BVM,2023-07-18 04:49:10,26.515,-6.932,-184,29,-54.138,91
2218583,Cabin BVM,2023-07-18 04:49:00,26.514,-6.943,-184,29,-54.118,91
2218582,Cabin BVM,2023-07-18 04:48:50,26.517,-6.647,-176,29,-54.1,91
2218581,Cabin BVM,2023-07-18 04:48:40,26.516,-6.763,-179,29,-54.081,91
2218580,Cabin BVM,2023-07-18 04:48:30,26.516,-6.763,-179,29,-54.062,91
2218579,Cabin BVM,2023-07-18 04:48:20,26.517,-6.587,-175,29,-54.044,91
2218578,Cabin BVM,2023-07-18 04:48:10,26.516,-6.672,-177,29,-54.025,91
2218577,Cabin BVM,2023-07-18 04:48:00,26.517,-6.739,-179,29,-54.006,91
2218576,Cabin BVM,2023-07-18 04:47:50,26.518,-6.731,-178,29,-53.988,91
2218575,Cabin BVM,2023-07-18 04:47:40,26.517,-6.911,-183,29,-53.969,91
2218574,Cabin BVM,2023-07-18 04:47:30,26.517,-6.751,-179,29,-53.95,91
2218573,Cabin BVM,2023-07-18 04:47:20,26.517,-6.634,-176,29,-53.931,91
2218572,Cabin BVM,2023-07-18 04:47:10,26.518,-6.568,-174,29,-53.913,91
2218571,Cabin BVM,2023-07-18 04:47:00,26.517,-6.641,-176,29,-53.895,91
2218570,Cabin BVM,2023-07-18 04:46:50,26.517,-6.714,-178,29,-53.876,91
2218569,Cabin BVM,2023-07-18 04:46:40,26.517,-6.667,-177,29,-53.857,91
2218568,Cabin BVM,2023-07-18 04:46:30,26.517,-6.679,-177,29,-53.839,91
2218567,Cabin BVM,2023-07-18 04:46:20,26.517,-6.794,-180,29,-53.82,91
2218566,Cabin BVM,2023-07-18 04:46:10,26.516,-6.851,-182,29,-53.801,91
2218565,Cabin BVM,2023-07-18 04:46:00,26.516,-6.9,-183,29,-53.782,91
2218564,Cabin BVM,2023-07-18 04:45:50,26.517,-6.707,-178,29,-53.763,91
2218563,Cabin BVM,2023-07-18 04:45:40,26.515,-6.841,-181,29,-53.744,91
2218562,Cabin BVM,2023-07-18 04:45:30,26.514,-6.935,-184,29,-53.725,91
2218561,Cabin BVM,2023-07-18 04:45:20,26.514,-6.817,-181,29,-53.706,91
2218560,Cabin BVM,2023-07-18 04:45:10,26.516,-6.759,-179,29,-53.687,91.1
2218559,Cabin BVM,2023-07-18 04:45:00,26.515,-6.763,-179,29,-53.669,91.1
2218558,Cabin BVM,2023-07-18 04:44:50,26.516,-6.751,-179,29,-53.65,91.1
2218557,Cabin BVM,2023-07-18 04:44:40,26.518,-6.7,-178,29,-53.631,91.1
2218556,Cabin BVM,2023-07-18 04:44:30,26.516,-6.847,-182,29,-53.612,91.1
2218555,Cabin BVM,2023-07-18 04:44:20,26.515,-6.753,-179,29,-53.593,91.1
2218554,Cabin BVM,2023-07-18 04:44:10,26.513,-7.004,-186,29,-53.575,91.1
2218553,Cabin BVM,2023-07-18 04:44:00,26.514,-6.989,-185,29,-53.555,91.1
2218552,Cabin BVM,2023-07-18 04:43:50,26.516,-6.669,-177,29,-53.536,91.1
2218551,Cabin BVM,2023-07-18 04:43:40,26.517,-6.809,-181,29,-53.518,91.1
2218550,Cabin BVM,2023-07-18 04:43:30,26.515,-6.815,-181,29,-53.499,91.1
2218549,Cabin BVM,2023-07-18 04:43:20,26.516,-6.674,-177,29,-53.48,91.1
2218548,Cabin BVM,2023-07-18 04:43:10,26.517,-6.632,-176,29,-53.461,91.1
2218547,Cabin BVM,2023-07-18 04:43:00,26.518,-6.664,-177,29,-53.443,91.1
2218546,Cabin BVM,2023-07-18 04:42:50,26.516,-6.731,-178,29,-53.424,91.1
2218545,Cabin BVM,2023-07-18 04:42:40,26.517,-6.712,-178,29,-53.406,91.1
2218544,Cabin BVM,2023-07-18 04:42:30,26.517,-6.686,-177,29,-53.387,91.1
2218543,Cabin BVM,2023-07-18 04:42:20,26.517,-6.714,-178,29,-53.368,91.1
2218542,Cabin BVM,2023-07-18 04:42:10,26.518,-6.829,-181,29,-53.35,91.1
2218541,Cabin BVM,2023-07-18 04:42:00,26.518,-6.857,-182,29,-53.333,91.1
2218540,Cabin BVM,2023-07-18 04:41:50,26.519,-6.623,-176,29,-53.312,91.1
2218539,Cabin BVM,2023-07-18 04:41:40,26.518,-6.714,-178,29,-53.293,91.1
2218538,Cabin BVM,2023-07-18 04:41:30,26.515,-6.711,-178,29,-53.275,91.1
2218537,Cabin BVM,2023-07-18 04:41:20,26.517,-6.645,-176,29,-53.256,91.1
2218536,Cabin BVM,2023-07-18 04:41:10,26.515,-6.828,-181,29,-53.238,91.1
2218535,Cabin BVM,2023-07-18 04:41:00,26.517,-6.812,-181,29,-53.219,91.1
2218534,Cabin BVM,2023-07-18 04:40:50,26.517,-6.949,-184,29,-53.2,91.1
2218533,Cabin BVM,2023-07-18 04:40:40,26.515,-6.928,-184,29,-53.18,91.1
2218532,Cabin BVM,2023-07-18 04:40:30,26.516,-6.931,-184,29,-53.161,91.1
2218531,Cabin BVM,2023-07-18 04:40:20,26.518,-6.56,-174,29,-53.143,91.1
2218530,Cabin BVM,2023-07-18 04:40:10,26.517,-6.687,-177,29,-53.124,91.1
2218529,Cabin BVM,2023-07-18 04:40:00,26.515,-6.869,-182,29,-53.105,91.1
2218528,Cabin BVM,2023-07-18 04:39:50,26.517,-6.693,-177,29,-53.087,91.2
2218527,Cabin BVM,2023-07-18 04:39:40,26.516,-6.806,-180,29,-53.068,91.2
2218526,Cabin BVM,2023-07-18 04:39:30,26.516,-6.777,-180,29,-53.049,91.2
2218525,Cabin BVM,2023-07-18 04:39:20,26.515,-6.746,-179,29,-53.031,91.2
2218524,Cabin BVM,2023-07-18 04:39:10,26.516,-6.778,-180,29,-53.012,91.2
2218523,Cabin BVM,2023-07-18 04:39:00,26.517,-6.84,-181,29,-52.993,91.2
2218522,Cabin BVM,2023-07-18 04:38:50,26.518,-6.596,-175,29,-52.975,91.2
2218521,Cabin BVM,2023-07-18 04:38:40,26.517,-6.608,-175,29,-52.957,91.2
2218520,Cabin BVM,2023-07-18 04:38:30,26.517,-6.637,-176,29,-52.938,91.2
2218519,Cabin BVM,2023-07-18 04:38:20,26.515,-6.932,-184,29,-52.921,91.2
2218518,Cabin BVM,2023-07-18 04:38:10,26.518,-6.685,-177,29,-52.9,91.2
2218517,Cabin BVM,2023-07-18 04:38:00,26.517,-6.657,-177,29,-52.881,91.2
2218516,Cabin BVM,2023-07-18 04:37:50,26.516,-6.909,-183,29,-52.862,91.2
2218515,Cabin BVM,2023-07-18 04:37:40,26.517,-6.899,-183,29,-52.843,91.2
2218514,Cabin BVM,2023-07-18 04:37:30,26.517,-6.785,-180,29,-52.824,91.2
2218513,Cabin BVM,2023-07-18 04:37:20,26.517,-6.738,-179,29,-52.807,91.2
2218512,Cabin BVM,2023-07-18 04:37:10,26.516,-6.892,-183,29,-52.787,91.2
2218511,Cabin BVM,2023-07-18 04:37:00,26.516,-6.836,-181,29,-52.768,91.2
2218510,Cabin BVM,2023-07-18 04:36:50,26.518,-6.629,-176,29,-52.751,91.2
2218509,Cabin BVM,2023-07-18 04:36:40,26.516,-6.813,-181,29,-52.73,91.2
2218508,Cabin BVM,2023-07-18 04:36:30,26.515,-6.877,-182,29,-52.712,91.2
2218507,Cabin BVM,2023-07-18 04:36:20,26.518,-6.651,-176,29,-52.693,91.2
2218506,Cabin BVM,2023-07-18 04:36:10,26.517,-6.79,-180,29,-52.674,91.2
2218505,Cabin BVM,2023-07-18 04:36:00,26.516,-6.807,-181,29,-52.655,91.2
2218504,Cabin BVM,2023-07-18 04:35:50,26.515,-6.97,-185,29,-52.636,91.2
2218503,Cabin BVM,2023-07-18 04:35:40,26.518,-6.64,-176,29,-52.619,91.2
2218502,Cabin BVM,2023-07-18 04:35:30,26.518,-6.626,-176,29,-52.599,91.2
2218501,Cabin BVM,2023-07-18 04:35:20,26.515,-6.801,-180,29,-52.58,91.2
2218500,Cabin BVM,2023-07-18 04:35:10,26.516,-6.871,-182,29,-52.561,91.2
2218499,Cabin BVM,2023-07-18 04:35:00,26.515,-6.97,-185,29,-52.542,91.2
2218498,Cabin BVM,2023-07-18 04:34:50,26.514,-6.994,-185,29,-52.522,91.2
2218497,Cabin BVM,2023-07-18 04:34:40,26.518,-6.671,-177,29,-52.504,91.2
2218496,Cabin BVM,2023-07-18 04:34:30,26.518,-6.634,-176,29,-52.485,91.3
2218495,Cabin BVM,2023-07-18 04:34:20,26.516,-6.837,-181,29,-52.466,91.3
2218494,Cabin BVM,2023-07-18 04:34:10,26.517,-6.729,-178,29,-52.447,91.3
2218493,Cabin BVM,2023-07-18 04:34:00,26.514,-7.05,-187,29,-52.428,91.3
2218492,Cabin BVM,2023-07-18 04:33:50,26.518,-6.532,-173,29,-52.409,91.3
2218491,Cabin BVM,2023-07-18 04:33:40,26.519,-6.823,-181,29,-52.391,91.3
2218490,Cabin BVM,2023-07-18 04:33:30,26.518,-6.647,-176,29,-52.372,91.3
2218489,Cabin BVM,2023-07-18 04:33:20,26.519,-6.462,-171,29,-52.354,91.3
2218488,Cabin BVM,2023-07-18 04:33:10,26.52,-6.514,-173,29,-52.336,91.3
2218487,Cabin BVM,2023-07-18 04:33:00,26.519,-6.563,-174,29,-52.317,91.3
2218486,Cabin BVM,2023-07-18 04:32:50,26.519,-6.72,-178,29,-52.299,91.3
2218485,Cabin BVM,2023-07-18 04:32:40,26.518,-6.654,-176,29,-52.28,91.3
2218484,Cabin BVM,2023-07-18 04:32:30,26.518,-6.633,-176,29,-52.262,91.3
2218483,Cabin BVM,2023-07-18 04:32:20,26.518,-6.742,-179,29,-52.243,91.3
2218482,Cabin BVM,2023-07-18 04:32:10,26.519,-6.687,-177,29,-52.224,91.3
2218481,Cabin BVM,2023-07-18 04:32:00,26.518,-6.696,-178,29,-52.206,91.3
2218480,Cabin BVM,2023-07-18 04:31:50,26.518,-6.661,-177,29,-52.187,91.3
2218479,Cabin BVM,2023-07-18 04:31:40,26.515,-6.669,-177,29,-52.169,91.3
2218478,Cabin BVM,2023-07-18 04:31:30,26.519,-6.653,-176,29,-52.15,91.3
2218477,Cabin BVM,2023-07-18 04:31:20,26.518,-6.957,-184,29,-52.133,91.3
2218476,Cabin BVM,2023-07-18 04:31:10,26.519,-6.673,-177,29,-52.112,91.3
2218475,Cabin BVM,2023-07-18 04:31:00,26.517,-6.688,-177,29,-52.094,91.3
2218474,Cabin BVM,2023-07-18 04:30:50,26.519,-6.741,-179,29,-52.075,91.3
2218473,Cabin BVM,2023-07-18 04:30:40,26.518,-6.611,-175,29,-52.056,91.3
2218472,Cabin BVM,2023-07-18 04:30:30,26.518,-6.636,-176,29,-52.038,91.3
2218471,Cabin BVM,2023-07-18 04:30:20,26.516,-6.807,-180,29,-52.019,91.3
2218470,Cabin BVM,2023-07-18 04:30:10,26.517,-6.935,-184,29,-52,91.3
2218469,Cabin BVM,2023-07-18 04:30:00,26.515,-7.01,-186,29,-51.98,91.3
2218468,Cabin BVM,2023-07-18 04:29:50,26.515,-6.875,-182,29,-51.961,91.3
2218467,Cabin BVM,2023-07-18 04:29:40,26.516,-6.794,-180,29,-51.942,91.3
2218466,Cabin BVM,2023-07-18 04:29:30,26.517,-6.729,-178,29,-51.923,91.3
2218465,Cabin BVM,2023-07-18 04:29:20,26.517,-6.719,-178,29,-51.904,91.3
2218464,Cabin BVM,2023-07-18 04:29:10,26.518,-6.648,-176,29,-51.885,91.4
2218463,Cabin BVM,2023-07-18 04:29:00,26.516,-6.953,-184,29,-51.867,91.4
2218462,Cabin BVM,2023-07-18 04:28:50,26.515,-6.935,-184,29,-51.847,91.4
2218461,Cabin BVM,2023-07-18 04:28:40,26.518,-6.942,-184,29,-51.828,91.4
2218460,Cabin BVM,2023-07-18 04:28:30,26.517,-6.943,-184,29,-51.809,91.4
2218459,Cabin BVM,2023-07-18 04:28:20,26.519,-6.97,-185,29,-51.79,91.4
2218458,Cabin BVM,2023-07-18 04:28:10,26.52,-6.744,-179,29,-51.77,91.4
2218457,Cabin BVM,2023-07-18 04:28:00,26.518,-6.739,-179,29,-51.752,91.4
2218456,Cabin BVM,2023-07-18 04:27:50,26.515,-7.027,-186,29,-51.733,91.4
2218455,Cabin BVM,2023-07-18 04:27:40,26.518,-6.787,-180,29,-51.713,91.4
2218454,Cabin BVM,2023-07-18 04:27:30,26.52,-6.736,-179,29,-51.695,91.4
2218453,Cabin BVM,2023-07-18 04:27:20,26.519,-6.732,-179,29,-51.676,91.4
2218452,Cabin BVM,2023-07-18 04:27:10,26.52,-6.665,-177,29,-51.657,91.4
2218451,Cabin BVM,2023-07-18 04:27:00,26.521,-6.67,-177,29,-51.638,91.4
2218450,Cabin BVM,2023-07-18 04:26:50,26.522,-6.598,-175,29,-51.62,91.4
2218449,Cabin BVM,2023-07-18 04:26:40,26.519,-6.783,-180,29,-51.601,91.4
2218448,Cabin BVM,2023-07-18 04:26:30,26.519,-6.719,-178,29,-51.582,91.4
2218447,Cabin BVM,2023-07-18 04:26:20,26.519,-6.838,-181,29,-51.563,91.4
2218446,Cabin BVM,2023-07-18 04:26:10,26.519,-6.941,-184,29,-51.544,91.4
2218445,Cabin BVM,2023-07-18 04:26:00,26.519,-6.924,-184,29,-51.525,91.4
2218444,Cabin BVM,2023-07-18 04:25:50,26.52,-6.725,-178,29,-51.506,91.4
2218443,Cabin BVM,2023-07-18 04:25:40,26.517,-7.132,-189,29,-51.487,91.4
2218442,Cabin BVM,2023-07-18 04:25:30,26.519,-6.946,-184,29,-51.467,91.4
2218441,Cabin BVM,2023-07-18 04:25:20,26.52,-6.697,-178,29,-51.449,91.4
2218440,Cabin BVM,2023-07-18 04:25:10,26.52,-6.752,-179,29,-51.43,91.4
2218439,Cabin BVM,2023-07-18 04:25:00,26.519,-7.028,-186,29,-51.411,91.4
2218438,Cabin BVM,2023-07-18 04:24:50,26.522,-6.657,-177,29,-51.392,91.4
2218437,Cabin BVM,2023-07-18 04:24:40,26.52,-6.756,-179,29,-51.373,91.4
2218436,Cabin BVM,2023-07-18 04:24:30,26.522,-6.812,-181,29,-51.355,91.4
2218435,Cabin BVM,2023-07-18 04:24:20,26.52,-6.987,-185,29,-51.335,91.4
2218434,Cabin BVM,2023-07-18 04:24:10,26.521,-6.724,-178,29,-51.316,91.4
2218433,Cabin BVM,2023-07-18 04:24:00,26.521,-6.741,-179,29,-51.297,91.5
2218432,Cabin BVM,2023-07-18 04:23:50,26.52,-6.761,-179,29,-51.279,91.5
2218431,Cabin BVM,2023-07-18 04:23:40,26.522,-6.554,-174,29,-51.26,91.5
2218430,Cabin BVM,2023-07-18 04:23:30,26.521,-6.545,-174,29,-51.242,91.5
2218429,Cabin BVM,2023-07-18 04:23:20,26.521,-6.696,-178,29,-51.223,91.5
2218428,Cabin BVM,2023-07-18 04:23:10,26.52,-6.761,-179,29,-51.204,91.5
2218427,Cabin BVM,2023-07-18 04:23:00,26.521,-6.764,-179,29,-51.186,91.5
2218426,Cabin BVM,2023-07-18 04:22:50,26.519,-6.837,-181,29,-51.167,91.5
2218425,Cabin BVM,2023-07-18 04:22:40,26.518,-6.846,-182,29,-51.148,91.5
2218424,Cabin BVM,2023-07-18 04:22:30,26.518,-6.835,-181,29,-51.129,91.5
2218423,Cabin BVM,2023-07-18 04:22:20,26.52,-6.825,-181,29,-51.11,91.5
2218422,Cabin BVM,2023-07-18 04:22:10,26.519,-6.764,-179,29,-51.091,91.5
2218421,Cabin BVM,2023-07-18 04:22:00,26.52,-6.814,-181,29,-51.072,91.5
2218420,Cabin BVM,2023-07-18 04:21:50,26.519,-7.066,-187,29,-51.052,91.5
2218419,Cabin BVM,2023-07-18 04:21:40,26.52,-6.947,-184,29,-51.032,91.5
2218418,Cabin BVM,2023-07-18 04:21:30,26.521,-6.797,-180,29,-51.013,91.5
2218417,Cabin BVM,2023-07-18 04:21:20,26.521,-6.775,-180,29,-50.994,91.5
2218416,Cabin BVM,2023-07-18 04:21:10,26.521,-6.911,-183,29,-50.975,91.5
2218415,Cabin BVM,2023-07-18 04:21:00,26.521,-6.666,-177,29,-50.956,91.5
2218414,Cabin BVM,2023-07-18 04:20:50,26.52,-6.838,-181,29,-50.937,91.5
2218413,Cabin BVM,2023-07-18 04:20:40,26.521,-6.896,-183,29,-50.918,91.5
2218412,Cabin BVM,2023-07-18 04:20:30,26.521,-6.876,-182,29,-50.899,91.5
2218411,Cabin BVM,2023-07-18 04:20:20,26.52,-6.758,-179,29,-50.88,91.5
2218410,Cabin BVM,2023-07-18 04:20:10,26.52,-6.864,-182,29,-50.861,91.5
2218409,Cabin BVM,2023-07-18 04:20:00,26.521,-6.837,-181,29,-50.842,91.5
2218408,Cabin BVM,2023-07-18 04:19:50,26.52,-6.803,-180,29,-50.824,91.5
2218407,Cabin BVM,2023-07-18 04:19:40,26.521,-6.671,-177,29,-50.807,91.5
2218406,Cabin BVM,2023-07-18 04:19:30,26.521,-6.658,-177,29,-50.786,91.5
2218405,Cabin BVM,2023-07-18 04:19:20,26.522,-6.739,-179,29,-50.768,91.5
2218404,Cabin BVM,2023-07-18 04:19:10,26.522,-6.783,-180,29,-50.749,91.5
2218403,Cabin BVM,2023-07-18 04:19:00,26.521,-6.791,-180,29,-50.73,91.5
2218402,Cabin BVM,2023-07-18 04:18:50,26.521,-6.755,-179,29,-50.711,91.5
2218401,Cabin BVM,2023-07-18 04:18:40,26.521,-6.757,-179,29,-50.692,91.6
2218400,Cabin BVM,2023-07-18 04:18:30,26.522,-6.743,-179,29,-50.675,91.6
2218399,Cabin BVM,2023-07-18 04:18:20,26.52,-7.049,-187,29,-50.654,91.6
2218398,Cabin BVM,2023-07-18 04:18:10,26.523,-6.791,-180,29,-50.635,91.6
2218397,Cabin BVM,2023-07-18 04:18:00,26.522,-6.744,-179,29,-50.616,91.6
2218396,Cabin BVM,2023-07-18 04:17:50,26.523,-6.658,-177,29,-50.597,91.6
2218395,Cabin BVM,2023-07-18 04:17:40,26.524,-6.83,-181,29,-50.579,91.6
2218394,Cabin BVM,2023-07-18 04:17:30,26.525,-6.787,-180,29,-50.56,91.6
2218393,Cabin BVM,2023-07-18 04:17:20,26.524,-6.911,-183,29,-50.541,91.6
2218392,Cabin BVM,2023-07-18 04:17:10,26.525,-6.793,-180,29,-50.521,91.6
2218391,Cabin BVM,2023-07-18 04:17:00,26.523,-6.93,-184,29,-50.502,91.6
2218390,Cabin BVM,2023-07-18 04:16:50,26.525,-7.031,-186,29,-50.483,91.6
2218389,Cabin BVM,2023-07-18 04:16:40,26.526,-6.824,-181,29,-50.464,91.6
2218388,Cabin BVM,2023-07-18 04:16:30,26.527,-6.85,-182,29,-50.445,91.6
2218387,Cabin BVM,2023-07-18 04:16:20,26.525,-6.96,-185,29,-50.426,91.6
2218386,Cabin BVM,2023-07-18 04:16:10,26.524,-6.974,-185,29,-50.406,91.6
2218385,Cabin BVM,2023-07-18 04:16:00,26.525,-7.003,-186,29,-50.387,91.6
2218384,Cabin BVM,2023-07-18 04:15:50,26.524,-6.902,-183,29,-50.368,91.6
2218383,Cabin BVM,2023-07-18 04:15:40,26.527,-6.738,-179,29,-50.348,91.6
2218382,Cabin BVM,2023-07-18 04:15:30,26.527,-6.751,-179,29,-50.33,91.6
2218381,Cabin BVM,2023-07-18 04:15:20,26.526,-6.67,-177,29,-50.311,91.6
2218380,Cabin BVM,2023-07-18 04:15:10,26.524,-6.956,-185,29,-50.292,91.6
2218379,Cabin BVM,2023-07-18 04:15:00,26.524,-6.987,-185,29,-50.273,91.6
2218378,Cabin BVM,2023-07-18 04:14:50,26.524,-6.871,-182,29,-50.254,91.6
2218377,Cabin BVM,2023-07-18 04:14:40,26.526,-6.87,-182,29,-50.235,91.6
2218376,Cabin BVM,2023-07-18 04:14:30,26.524,-6.905,-183,29,-50.216,91.6
2218375,Cabin BVM,2023-07-18 04:14:20,26.526,-6.793,-180,29,-50.197,91.6
2218374,Cabin BVM,2023-07-18 04:14:10,26.527,-6.611,-175,29,-50.178,91.6
2218373,Cabin BVM,2023-07-18 04:14:00,26.527,-6.63,-176,29,-50.16,91.6
2218372,Cabin BVM,2023-07-18 04:13:50,26.527,-6.968,-185,29,-50.141,91.6
2218371,Cabin BVM,2023-07-18 04:13:40,26.526,-6.657,-177,29,-50.122,91.6
2218370,Cabin BVM,2023-07-18 04:13:30,26.526,-6.648,-176,29,-50.103,91.6
2218369,Cabin BVM,2023-07-18 04:13:20,26.528,-6.623,-176,29,-50.085,91.7
2218368,Cabin BVM,2023-07-18 04:13:10,26.526,-6.865,-182,29,-50.066,91.7
2218367,Cabin BVM,2023-07-18 04:13:00,26.525,-6.944,-184,29,-50.047,91.7
2218366,Cabin BVM,2023-07-18 04:12:50,26.526,-6.822,-181,29,-50.028,91.7
2218365,Cabin BVM,2023-07-18 04:12:40,26.527,-6.93,-184,29,-50.009,91.7
2218364,Cabin BVM,2023-07-18 04:12:30,26.527,-6.886,-183,29,-49.99,91.7
2218363,Cabin BVM,2023-07-18 04:12:20,26.525,-7.071,-188,29,-49.97,91.7
2218362,Cabin BVM,2023-07-18 04:12:10,26.528,-6.889,-183,29,-49.951,91.7
2218361,Cabin BVM,2023-07-18 04:12:00,26.526,-7.008,-186,29,-49.931,91.7
2218360,Cabin BVM,2023-07-18 04:11:50,26.529,-6.62,-176,29,-49.913,91.7
2218359,Cabin BVM,2023-07-18 04:11:40,26.526,-7.005,-186,29,-49.894,91.7
2218358,Cabin BVM,2023-07-18 04:11:30,26.526,-6.863,-182,29,-49.875,91.7
2218357,Cabin BVM,2023-07-18 04:11:20,26.527,-6.802,-180,29,-49.856,91.7
2218356,Cabin BVM,2023-07-18 04:11:10,26.53,-6.882,-183,29,-49.837,91.7
2218355,Cabin BVM,2023-07-18 04:11:00,26.528,-6.852,-182,29,-49.818,91.7
2218354,Cabin BVM,2023-07-18 04:10:50,26.527,-6.927,-184,29,-49.799,91.7
2218353,Cabin BVM,2023-07-18 04:10:40,26.526,-7.092,-188,29,-49.78,91.7
2218352,Cabin BVM,2023-07-18 04:10:30,26.527,-7.05,-187,29,-49.761,91.7
2218351,Cabin BVM,2023-07-18 04:10:20,26.526,-7.129,-189,29,-49.741,91.7
2218350,Cabin BVM,2023-07-18 04:10:10,26.531,-6.926,-184,29,-49.721,91.7
2218349,Cabin BVM,2023-07-18 04:10:00,26.532,-6.789,-180,29,-49.702,91.7
2218348,Cabin BVM,2023-07-18 04:09:50,26.53,-6.807,-181,29,-49.683,91.7
2218347,Cabin BVM,2023-07-18 04:09:40,26.529,-6.915,-183,29,-49.664,91.7
2218346,Cabin BVM,2023-07-18 04:09:30,26.531,-6.841,-182,29,-49.646,91.7
2218345,Cabin BVM,2023-07-18 04:09:20,26.531,-6.847,-182,29,-49.627,91.7
2218344,Cabin BVM,2023-07-18 04:09:10,26.53,-6.82,-181,29,-49.607,91.7
2218343,Cabin BVM,2023-07-18 04:09:00,26.531,-6.878,-182,29,-49.588,91.7
2218342,Cabin BVM,2023-07-18 04:08:50,26.532,-6.833,-181,29,-49.569,91.7
2218341,Cabin BVM,2023-07-18 04:08:40,26.531,-6.87,-182,29,-49.55,91.7
2218340,Cabin BVM,2023-07-18 04:08:30,26.532,-6.823,-181,29,-49.531,91.7
2218339,Cabin BVM,2023-07-18 04:08:20,26.529,-7.105,-188,29,-49.511,91.7
2218338,Cabin BVM,2023-07-18 04:08:10,26.532,-6.808,-181,29,-49.492,91.8
2218337,Cabin BVM,2023-07-18 04:08:00,26.531,-6.776,-180,29,-49.473,91.8
2218336,Cabin BVM,2023-07-18 04:07:50,26.532,-6.806,-181,29,-49.454,91.8
2218335,Cabin BVM,2023-07-18 04:07:40,26.533,-6.849,-182,29,-49.435,91.8
2218334,Cabin BVM,2023-07-18 04:07:30,26.532,-6.852,-182,29,-49.418,91.8
2218333,Cabin BVM,2023-07-18 04:07:20,26.535,-6.862,-182,29,-49.397,91.8
2218332,Cabin BVM,2023-07-18 04:07:10,26.533,-6.874,-182,29,-49.378,91.8
2218331,Cabin BVM,2023-07-18 04:07:00,26.533,-7.078,-188,29,-49.359,91.8
2218330,Cabin BVM,2023-07-18 04:06:50,26.534,-6.874,-182,29,-49.339,91.8
2218329,Cabin BVM,2023-07-18 04:06:40,26.533,-7.089,-188,29,-49.32,91.8
2218328,Cabin BVM,2023-07-18 04:06:30,26.533,-7.106,-189,29,-49.3,91.8
2218327,Cabin BVM,2023-07-18 04:06:20,26.533,-7.036,-187,29,-49.281,91.8
2218326,Cabin BVM,2023-07-18 04:06:10,26.535,-6.916,-184,29,-49.262,91.8
2218325,Cabin BVM,2023-07-18 04:06:00,26.534,-7.027,-186,29,-49.242,91.8
2218324,Cabin BVM,2023-07-18 04:05:50,26.536,-6.826,-181,29,-49.223,91.8
2218323,Cabin BVM,2023-07-18 04:05:40,26.535,-6.947,-184,29,-49.204,91.8
2218322,Cabin BVM,2023-07-18 04:05:30,26.534,-6.889,-183,29,-49.185,91.8
2218321,Cabin BVM,2023-07-18 04:05:20,26.536,-6.916,-184,29,-49.166,91.8
2218320,Cabin BVM,2023-07-18 04:05:10,26.536,-7.248,-192,29,-49.146,91.8
